Date,Type,Link
2022-10-17 09:50:50,LIKE,https://www.linkedin.com/feed/update/urn%3Ali%3Aactivity%3A6986541572779589632?commentUrn=urn%3Ali%3Acomment%3A%28activity%3A6986541572779589632%2C6986761670392000512%29
2022-10-17 05:47:22,LIKE,https://www.linkedin.com/feed/update/urn%3Ali%3Aactivity%3A6986403750454206464
2022-10-11 06:34:15,LIKE,https://www.linkedin.com/feed/update/urn%3Ali%3AugcPost%3A6985225455045931008
2022-10-10 12:45:47,LIKE,https://www.linkedin.com/feed/update/urn%3Ali%3Aactivity%3A6985202613684244480
2022-10-10 11:29:58,APPRECIATION,https://www.linkedin.com/feed/update/urn%3Ali%3Aactivity%3A6985112244690800640
2022-10-09 12:03:28,LIKE,https://www.linkedin.com/feed/update/urn%3Ali%3Aactivity%3A6984716293614526466
2022-10-09 08:05:39,ENTERTAINMENT,https://www.linkedin.com/feed/update/urn%3Ali%3Aactivity%3A6983916148908007425
2022-10-09 08:04:50,LIKE,https://www.linkedin.com/feed/update/urn%3Ali%3Aactivity%3A6984458742306074624
2022-10-08 09:34:44,LIKE,https://www.linkedin.com/feed/update/urn%3Ali%3Aactivity%3A6983989792212439040
2022-10-08 09:32:44,LIKE,https://www.linkedin.com/feed/update/urn%3Ali%3Aactivity%3A6984233034967375872
2022-10-07 06:50:12,LIKE,https://www.linkedin.com/feed/update/urn%3Ali%3Aactivity%3A6980924573798019072
2022-10-07 05:16:39,LIKE,https://www.linkedin.com/feed/update/urn%3Ali%3Aactivity%3A6983895809478078465
2022-10-07 05:12:24,PRAISE,https://www.linkedin.com/feed/update/urn%3Ali%3Aactivity%3A6983862739571998720
2022-10-06 14:33:37,ENTERTAINMENT,https://www.linkedin.com/feed/update/urn%3Ali%3Aactivity%3A6983395831106203648
2022-10-05 15:50:23,LIKE,https://www.linkedin.com/feed/update/urn%3Ali%3AugcPost%3A6983103843156848640
2022-10-05 04:57:01,LIKE,https://www.linkedin.com/feed/update/urn%3Ali%3Aactivity%3A6982663372710301696
2022-10-05 04:50:34,LIKE,https://www.linkedin.com/feed/update/urn%3Ali%3AugcPost%3A6982838168198795264
2022-10-03 13:14:18,LIKE,https://www.linkedin.com/feed/update/urn%3Ali%3Aactivity%3A6982682797698154496
2022-10-03 05:07:12,LIKE,https://www.linkedin.com/feed/update/urn%3Ali%3Aactivity%3A6979703770498707456
2022-10-01 14:32:07,LIKE,https://www.linkedin.com/feed/update/urn%3Ali%3Aactivity%3A6981826608726720513
2022-09-29 05:58:37,ENTERTAINMENT,https://www.linkedin.com/feed/update/urn%3Ali%3Aactivity%3A6980849832357756928
2022-09-28 16:11:18,ENTERTAINMENT,https://www.linkedin.com/feed/update/urn%3Ali%3Aactivity%3A6980740385866211328
2022-09-28 13:42:54,LIKE,https://www.linkedin.com/feed/update/urn%3Ali%3Aactivity%3A6980763481209733120
2022-09-27 16:35:25,LIKE,https://www.linkedin.com/feed/update/urn%3Ali%3Aactivity%3A6980151441499807745
2022-09-25 19:11:41,ENTERTAINMENT,https://www.linkedin.com/feed/update/urn%3Ali%3Aactivity%3A6978548823061098496
2022-09-25 19:09:12,LIKE,https://www.linkedin.com/feed/update/urn%3Ali%3Aactivity%3A6979874956494929920
2022-09-24 14:30:05,ENTERTAINMENT,https://www.linkedin.com/feed/update/urn%3Ali%3Aactivity%3A6977152295922790400
2022-09-24 09:32:27,LIKE,https://www.linkedin.com/feed/update/urn%3Ali%3Aactivity%3A6979326618800439296
2022-09-20 17:06:45,ENTERTAINMENT,https://www.linkedin.com/feed/update/urn%3Ali%3Aactivity%3A6977963428258729984
2022-09-19 14:22:02,LIKE,https://www.linkedin.com/feed/update/urn%3Ali%3Aactivity%3A6977309731879043072
2022-09-19 14:21:29,APPRECIATION,https://www.linkedin.com/feed/update/urn%3Ali%3Aactivity%3A6977352098887725056
2022-09-17 06:49:08,PRAISE,https://www.linkedin.com/feed/update/urn%3Ali%3Aactivity%3A6976652149892018176
2022-09-16 14:50:57,ENTERTAINMENT,https://www.linkedin.com/feed/update/urn%3Ali%3Aactivity%3A6976385942999773184
2022-09-15 13:10:55,PRAISE,https://www.linkedin.com/feed/update/urn%3Ali%3Aactivity%3A6971450991749525504
2022-09-15 05:02:03,INTEREST,https://www.linkedin.com/feed/update/urn%3Ali%3Aactivity%3A6975801576267403264
2022-09-14 14:20:04,LIKE,https://www.linkedin.com/feed/update/urn%3Ali%3Aactivity%3A6975784324788875264
2022-09-13 14:39:21,LIKE,https://www.linkedin.com/feed/update/urn%3Ali%3Aactivity%3A6974945930319978496
2022-09-13 06:54:17,LIKE,https://www.linkedin.com/feed/update/urn%3Ali%3Aactivity%3A6973221162013081601
2022-09-13 06:53:33,ENTERTAINMENT,https://www.linkedin.com/feed/update/urn%3Ali%3Aactivity%3A6975069527873130496
2022-09-13 06:45:08,LIKE,https://www.linkedin.com/feed/update/urn%3Ali%3Aactivity%3A6975178439750283265
2022-09-11 11:53:26,LIKE,https://www.linkedin.com/feed/update/urn%3Ali%3AugcPost%3A6974623405564194816
2022-09-11 11:09:45,LIKE,https://www.linkedin.com/feed/update/urn%3Ali%3Aactivity%3A6974678118829613056
2022-09-11 09:58:55,LIKE,https://www.linkedin.com/feed/update/urn%3Ali%3Aactivity%3A6974488254418993152
2022-09-09 14:55:37,LIKE,https://www.linkedin.com/feed/update/urn%3Ali%3Aactivity%3A6972990736673726464
2022-09-04 18:03:38,EMPATHY,https://www.linkedin.com/feed/update/urn%3Ali%3Aactivity%3A6971497832344137728
2022-09-04 17:59:03,LIKE,https://www.linkedin.com/feed/update/urn%3Ali%3Aactivity%3A6968887043812724736
2022-08-29 14:03:27,LIKE,https://www.linkedin.com/feed/update/urn%3Ali%3AugcPost%3A6969995416109023232
2022-08-26 14:16:52,LIKE,https://www.linkedin.com/feed/update/urn%3Ali%3Aactivity%3A6968844449263091712
2022-08-26 14:12:38,LIKE,https://www.linkedin.com/feed/update/urn%3Ali%3Aactivity%3A6968918011810316288
2022-08-26 04:39:41,LIKE,https://www.linkedin.com/feed/update/urn%3Ali%3Aactivity%3A6968768369600708609
2022-08-26 04:39:27,ENTERTAINMENT,https://www.linkedin.com/feed/update/urn%3Ali%3Aactivity%3A6968771606277980160
2022-08-24 15:10:30,ENTERTAINMENT,https://www.linkedin.com/feed/update/urn%3Ali%3AugcPost%3A6968053657904828417
2022-08-24 03:18:46,LIKE,https://www.linkedin.com/feed/update/urn%3Ali%3Aactivity%3A6967846099621470208
2022-08-24 03:17:13,LIKE,https://www.linkedin.com/feed/update/urn%3Ali%3Aactivity%3A6967357671200997376
2022-08-21 11:28:37,LIKE,https://www.linkedin.com/feed/update/urn%3Ali%3Aactivity%3A6966663149714362368
2022-08-20 05:37:55,APPRECIATION,https://www.linkedin.com/feed/update/urn%3Ali%3AugcPost%3A6966429854883852288
2022-08-17 15:22:10,LIKE,https://www.linkedin.com/feed/update/urn%3Ali%3AugcPost%3A6965546572998676480
2022-08-17 15:17:30,PRAISE,https://www.linkedin.com/feed/update/urn%3Ali%3Aactivity%3A6965587222821523456
2022-08-17 05:55:10,LIKE,https://www.linkedin.com/feed/update/urn%3Ali%3Aactivity%3A6964431153508298752
2022-08-17 05:52:12,LIKE,https://www.linkedin.com/feed/update/urn%3Ali%3AugcPost%3A6964813432772542464
2022-08-09 15:47:19,LIKE,https://www.linkedin.com/feed/update/urn%3Ali%3Aactivity%3A6962386688820097024
2022-08-05 16:40:48,LIKE,https://www.linkedin.com/feed/update/urn%3Ali%3AugcPost%3A6961340683232133120
2022-08-03 15:59:55,LIKE,https://www.linkedin.com/feed/update/urn%3Ali%3Aactivity%3A6960517892001939456
2022-07-29 15:05:00,LIKE,https://www.linkedin.com/feed/update/urn%3Ali%3Aactivity%3A6958747358683648001
2022-07-28 14:58:13,LIKE,https://www.linkedin.com/feed/update/urn%3Ali%3Aactivity%3A6958054641192288256
2022-07-27 08:58:51,ENTERTAINMENT,https://www.linkedin.com/feed/update/urn%3Ali%3Aactivity%3A6957922849646919680
2022-07-22 17:10:59,LIKE,https://www.linkedin.com/feed/update/urn%3Ali%3AugcPost%3A6956216313748840448
2022-07-20 13:24:05,ENTERTAINMENT,https://www.linkedin.com/feed/update/urn%3Ali%3Aactivity%3A6955363204789067776
2022-07-20 06:02:05,LIKE,https://www.linkedin.com/feed/update/urn%3Ali%3Aactivity%3A6954418741510123520
2022-07-20 05:58:51,LIKE,https://www.linkedin.com/feed/update/urn%3Ali%3Aactivity%3A6952954275064864768
2022-07-13 11:25:08,LIKE,https://www.linkedin.com/feed/update/urn%3Ali%3Aactivity%3A6952900578033221632
2022-07-13 06:51:49,PRAISE,https://www.linkedin.com/feed/update/urn%3Ali%3Aactivity%3A6950345103194370048
2022-07-13 06:46:29,LIKE,https://www.linkedin.com/feed/update/urn%3Ali%3Aactivity%3A6952711197372608512
2022-07-07 14:40:38,LIKE,https://www.linkedin.com/feed/update/urn%3Ali%3Aactivity%3A6949940131914993664
2022-07-03 14:38:36,ENTERTAINMENT,https://www.linkedin.com/feed/update/urn%3Ali%3Aactivity%3A6947486020166696960
2022-07-01 13:50:01,PRAISE,https://www.linkedin.com/feed/update/urn%3Ali%3Aactivity%3A6947418826246340608
2022-07-01 13:49:09,ENTERTAINMENT,https://www.linkedin.com/feed/update/urn%3Ali%3Aactivity%3A6947810914020528128
2022-07-01 13:43:23,LIKE,https://www.linkedin.com/feed/update/urn%3Ali%3AugcPost%3A6946128460465475584
2022-06-19 14:45:22,LIKE,https://www.linkedin.com/feed/update/urn%3Ali%3Aactivity%3A6944242848439353344
2022-06-17 02:59:34,LIKE,https://www.linkedin.com/feed/update/urn%3Ali%3AugcPost%3A6943055966246428672
2022-06-12 11:37:42,LIKE,https://www.linkedin.com/feed/update/urn%3Ali%3AugcPost%3A6940769041070374912
2022-06-12 11:37:26,LIKE,https://www.linkedin.com/feed/update/urn%3Ali%3Aactivity%3A6939915709447557120
2022-05-31 14:14:11,LIKE,https://www.linkedin.com/feed/update/urn%3Ali%3Aactivity%3A6937316491339919360
2022-05-30 11:31:37,LIKE,https://www.linkedin.com/feed/update/urn%3Ali%3Aactivity%3A6936950093916827649
2022-05-30 11:29:56,LIKE,https://www.linkedin.com/feed/update/urn%3Ali%3Aactivity%3A6936911056862621696
2022-05-22 15:08:31,LIKE,https://www.linkedin.com/feed/update/urn%3Ali%3Aactivity%3A6934004938377216000
2022-05-14 20:02:54,PRAISE,https://www.linkedin.com/feed/update/urn%3Ali%3Aactivity%3A6930856756495405057
2022-05-06 15:15:35,LIKE,https://www.linkedin.com/feed/update/urn%3Ali%3AugcPost%3A6927579048172810240
2022-05-06 15:13:57,LIKE,https://www.linkedin.com/feed/update/urn%3Ali%3Aactivity%3A6928005676224954368
2022-05-03 17:28:18,LIKE,https://www.linkedin.com/feed/update/urn%3Ali%3AugcPost%3A6924611075493560320
2022-05-03 17:25:45,LIKE,https://www.linkedin.com/feed/update/urn%3Ali%3Aactivity%3A6927022807490916352
2022-05-02 16:21:27,LIKE,https://www.linkedin.com/feed/update/urn%3Ali%3Aactivity%3A6926635731675152384
2022-04-27 15:25:54,LIKE,https://www.linkedin.com/feed/update/urn%3Ali%3AugcPost%3A6925040355314671616
2022-04-27 06:42:43,LIKE,https://www.linkedin.com/feed/update/urn%3Ali%3Aactivity%3A6924826880403484672
2022-04-25 17:03:49,LIKE,https://www.linkedin.com/feed/update/urn%3Ali%3Aactivity%3A6923519073406312448
2022-04-22 17:47:10,LIKE,https://www.linkedin.com/feed/update/urn%3Ali%3AugcPost%3A6923264885195689984
2022-04-13 16:24:48,LIKE,https://www.linkedin.com/feed/update/urn%3Ali%3Aactivity%3A6919206724679704576
2022-04-11 07:49:33,LIKE,https://www.linkedin.com/feed/update/urn%3Ali%3Aactivity%3A6890257879723507712
2022-04-11 04:49:54,PRAISE,https://www.linkedin.com/feed/update/urn%3Ali%3AugcPost%3A6916699815624003584
2022-04-01 10:19:22,LIKE,https://www.linkedin.com/feed/update/urn%3Ali%3Aactivity%3A6914439833952161792
2022-04-01 10:17:47,LIKE,https://www.linkedin.com/feed/update/urn%3Ali%3AugcPost%3A6915327394283147264
2022-03-31 15:02:05,LIKE,https://www.linkedin.com/feed/update/urn%3Ali%3Aactivity%3A6914820276333494272
2022-03-24 14:11:49,LIKE,https://www.linkedin.com/feed/update/urn%3Ali%3Aactivity%3A6910165997865861120
2022-03-24 14:05:39,LIKE,https://www.linkedin.com/feed/update/urn%3Ali%3Aactivity%3A6912241766427488256
2022-03-24 14:03:45,LIKE,https://www.linkedin.com/feed/update/urn%3Ali%3Aactivity%3A6912018588467965952
2022-03-23 17:46:26,LIKE,https://www.linkedin.com/feed/update/urn%3Ali%3Aactivity%3A6912359994663264256
2022-03-19 14:14:02,LIKE,https://www.linkedin.com/feed/update/urn%3Ali%3Aactivity%3A6910026423223140352
2022-03-07 05:27:39,LIKE,https://www.linkedin.com/feed/update/urn%3Ali%3AugcPost%3A6906275887138918400
2022-03-06 09:19:07,LIKE,https://www.linkedin.com/feed/update/urn%3Ali%3AugcPost%3A6902995943092822016
2022-03-06 08:22:48,LIKE,https://www.linkedin.com/feed/update/urn%3Ali%3Aactivity%3A6904678844767563776
2022-03-04 14:16:16,LIKE,https://www.linkedin.com/feed/update/urn%3Ali%3Aactivity%3A6905460326372925440
2022-02-27 13:18:30,LIKE,https://www.linkedin.com/feed/update/urn%3Ali%3Aactivity%3A6903382129762189312
2022-02-25 15:55:10,LIKE,https://www.linkedin.com/feed/update/urn%3Ali%3AugcPost%3A6902227440035348480
2022-02-15 12:54:50,LIKE,https://www.linkedin.com/feed/update/urn%3Ali%3Aactivity%3A6898860283830386688
2022-02-12 07:34:40,LIKE,https://www.linkedin.com/feed/update/urn%3Ali%3Aactivity%3A6898163057273507840
2022-02-12 07:31:51,LIKE,https://www.linkedin.com/feed/update/urn%3Ali%3Aactivity%3A6895617560977453056
2022-02-06 18:22:35,LIKE,https://www.linkedin.com/feed/update/urn%3Ali%3Aactivity%3A6896150688578052096
2022-02-05 15:00:45,LIKE,https://www.linkedin.com/feed/update/urn%3Ali%3AugcPost%3A6895273487808757760
2022-02-01 06:17:01,LIKE,https://www.linkedin.com/feed/update/urn%3Ali%3Aactivity%3A6893832960668266496
2022-02-01 06:16:19,LIKE,https://www.linkedin.com/feed/update/urn%3Ali%3Aactivity%3A6893804365992251392
2022-01-26 11:50:28,LIKE,https://www.linkedin.com/feed/update/urn%3Ali%3AugcPost%3A6892022083657039872
2022-01-26 11:49:44,LIKE,https://www.linkedin.com/feed/update/urn%3Ali%3AugcPost%3A6891754142835048448
2022-01-16 06:33:12,LIKE,https://www.linkedin.com/feed/update/urn%3Ali%3Aactivity%3A6887735635839348736
2022-01-11 11:22:00,LIKE,https://www.linkedin.com/feed/update/urn%3Ali%3Aactivity%3A6885971845347196929
2022-01-04 05:58:57,LIKE,https://www.linkedin.com/feed/update/urn%3Ali%3AugcPost%3A6883764599611527168
2021-12-25 15:28:10,LIKE,https://www.linkedin.com/feed/update/urn%3Ali%3Aactivity%3A6880398442334707712
2021-12-23 16:16:29,PRAISE,https://www.linkedin.com/feed/update/urn%3Ali%3AugcPost%3A6879683819461496832
2021-12-21 07:23:21,LIKE,https://www.linkedin.com/feed/update/urn%3Ali%3Aactivity%3A6878633966962900992
2021-12-21 07:21:57,LIKE,https://www.linkedin.com/feed/update/urn%3Ali%3Aactivity%3A6878693532312449024
2021-12-21 07:17:12,LIKE,https://www.linkedin.com/feed/update/urn%3Ali%3Aactivity%3A6878541459746910208
2021-12-06 06:17:10,LIKE,https://www.linkedin.com/feed/update/urn%3Ali%3Aactivity%3A6873502464411348992
2021-11-29 17:49:22,LIKE,https://www.linkedin.com/feed/update/urn%3Ali%3Aactivity%3A6870639579427418112
2021-11-29 17:49:14,PRAISE,https://www.linkedin.com/feed/update/urn%3Ali%3Aactivity%3A6871097605577871360
2021-11-26 09:11:49,LIKE,https://www.linkedin.com/feed/update/urn%3Ali%3Aactivity%3A6869720765034491905
2021-11-25 08:58:40,LIKE,https://www.linkedin.com/feed/update/urn%3Ali%3Aactivity%3A6869514837731414016
2021-11-23 14:01:21,LIKE,https://www.linkedin.com/feed/update/urn%3Ali%3Aactivity%3A6865489552069525504
2021-11-18 19:50:48,LIKE,https://www.linkedin.com/feed/update/urn%3Ali%3Aactivity%3A6866087392122589184
2021-11-18 19:50:29,LIKE,https://www.linkedin.com/feed/update/urn%3Ali%3Aactivity%3A6863693979016413186
2021-11-18 19:50:22,LIKE,https://www.linkedin.com/feed/update/urn%3Ali%3Aactivity%3A6863869806966394881
2021-11-09 13:52:21,LIKE,https://www.linkedin.com/feed/update/urn%3Ali%3Aactivity%3A6861413128920469504
2021-10-31 14:12:44,LIKE,https://www.linkedin.com/feed/update/urn%3Ali%3Aactivity%3A6858039646824275968
2021-10-31 14:12:19,LIKE,https://www.linkedin.com/feed/update/urn%3Ali%3Aactivity%3A6860091071360241664
2021-10-31 14:11:46,LIKE,https://www.linkedin.com/feed/update/urn%3Ali%3Aactivity%3A6859296223338254336
2021-10-27 14:03:04,LIKE,https://www.linkedin.com/feed/update/urn%3Ali%3Aactivity%3A6859101692051386368
2021-10-26 04:21:37,LIKE,https://www.linkedin.com/feed/update/urn%3Ali%3Aactivity%3A6858459409639649280
2021-10-25 16:41:12,INTEREST,https://www.linkedin.com/feed/update/urn%3Ali%3Aactivity%3A6853614129127714816
2021-10-20 04:42:00,LIKE,https://www.linkedin.com/feed/update/urn%3Ali%3Aactivity%3A6853220330236899329
2021-10-08 06:59:00,LIKE,https://www.linkedin.com/feed/update/urn%3Ali%3Aactivity%3A6851809524299386880
2021-10-07 13:54:04,LIKE,https://www.linkedin.com/feed/update/urn%3Ali%3Aactivity%3A6849208053263343616
2021-10-07 13:53:14,LIKE,https://www.linkedin.com/feed/update/urn%3Ali%3Aactivity%3A6848680863069294593
2021-09-18 09:57:59,LIKE,https://www.linkedin.com/feed/update/urn%3Ali%3Aactivity%3A6843524426735190016
2021-09-09 18:02:11,LIKE,https://www.linkedin.com/feed/update/urn%3Ali%3Aactivity%3A6841716758274039809
2021-09-08 09:33:22,LIKE,https://www.linkedin.com/feed/update/urn%3Ali%3Aactivity%3A6838258850420793344
2021-09-08 09:31:26,LIKE,https://www.linkedin.com/feed/update/urn%3Ali%3Aactivity%3A6840879020813418496
2021-09-04 15:12:36,LIKE,https://www.linkedin.com/feed/update/urn%3Ali%3Aactivity%3A6833614511329611776?commentUrn=urn%3Ali%3Acomment%3A%28activity%3A6833614511329611776%2C6839531130920738816%29
2021-09-03 10:13:56,LIKE,https://www.linkedin.com/feed/update/urn%3Ali%3Aactivity%3A6839440105128767488
2021-09-02 03:43:40,LIKE,https://www.linkedin.com/feed/update/urn%3Ali%3Aactivity%3A6833614511329611776?commentUrn=urn%3Ali%3Acomment%3A%28activity%3A6833614511329611776%2C6838686975520833536%29
2021-09-02 03:43:13,LIKE,https://www.linkedin.com/feed/update/urn%3Ali%3Aactivity%3A6838714081759899648
2021-08-30 04:45:25,LIKE,https://www.linkedin.com/feed/update/urn%3Ali%3Aactivity%3A6837775049538306048
2021-08-29 16:14:46,LIKE,https://www.linkedin.com/feed/update/urn%3Ali%3Aactivity%3A6836630564901064704
2021-08-29 16:12:49,LIKE,https://www.linkedin.com/feed/update/urn%3Ali%3Aactivity%3A6837644293356830720
2021-08-27 06:55:47,LIKE,https://www.linkedin.com/feed/update/urn%3Ali%3Aactivity%3A6833614511329611776?commentUrn=urn%3Ali%3Acomment%3A%28activity%3A6833614511329611776%2C6836695932957011968%29
2021-08-25 07:37:15,LIKE,https://www.linkedin.com/feed/update/urn%3Ali%3Aactivity%3A6835603284791697408
2021-08-25 07:36:44,LIKE,https://www.linkedin.com/feed/update/urn%3Ali%3Aactivity%3A6836069333270044672
2021-08-24 03:16:25,LIKE,https://www.linkedin.com/feed/update/urn%3Ali%3Aactivity%3A6835586335164702720
2021-08-23 16:43:27,LIKE,https://www.linkedin.com/feed/update/urn%3Ali%3AugcPost%3A6832673735355457536
2021-08-23 10:41:30,LIKE,https://www.linkedin.com/feed/update/urn%3Ali%3Aactivity%3A6833614511329611776?commentUrn=urn%3Ali%3Acomment%3A%28activity%3A6833614511329611776%2C6835485230686617601%29
2021-08-23 07:37:43,LIKE,https://www.linkedin.com/feed/update/urn%3Ali%3Aactivity%3A6835457217223778304
2021-08-21 13:10:27,LIKE,https://www.linkedin.com/feed/update/urn%3Ali%3Aactivity%3A6833614511329611776?commentUrn=urn%3Ali%3Acomment%3A%28activity%3A6833614511329611776%2C6834738535959027712%29
2021-08-20 16:19:39,LIKE,https://www.linkedin.com/feed/update/urn%3Ali%3Aactivity%3A6833614511329611776?commentUrn=urn%3Ali%3Acomment%3A%28activity%3A6833614511329611776%2C6834392560820137984%29
2021-08-20 16:18:42,LIKE,https://www.linkedin.com/feed/update/urn%3Ali%3Aactivity%3A6834482652670701568
2021-08-20 02:26:49,LIKE,https://www.linkedin.com/feed/update/urn%3Ali%3Aactivity%3A6833614511329611776?commentUrn=urn%3Ali%3Acomment%3A%28activity%3A6833614511329611776%2C6834154129439420416%29
2021-08-20 02:26:32,LIKE,https://www.linkedin.com/feed/update/urn%3Ali%3Aactivity%3A6834176425822629888
2021-08-19 13:20:02,LIKE,https://www.linkedin.com/feed/update/urn%3Ali%3Aactivity%3A6833614511329611776?commentUrn=urn%3Ali%3Acomment%3A%28activity%3A6833614511329611776%2C6834074634606960640%29
2021-08-19 03:37:08,LIKE,https://www.linkedin.com/feed/update/urn%3Ali%3Aactivity%3A6833800743955267584
2021-08-18 17:06:41,LIKE,https://www.linkedin.com/feed/update/urn%3Ali%3Aactivity%3A6833614511329611776?commentUrn=urn%3Ali%3Acomment%3A%28activity%3A6833614511329611776%2C6833800698568740864%29
2021-08-18 17:06:25,LIKE,https://www.linkedin.com/feed/update/urn%3Ali%3Aactivity%3A6833614511329611776?commentUrn=urn%3Ali%3Acomment%3A%28activity%3A6833614511329611776%2C6833795941007523841%29
2021-08-18 16:30:04,LIKE,https://www.linkedin.com/feed/update/urn%3Ali%3Aactivity%3A6833783704502984704
2021-08-18 13:40:36,LIKE,https://www.linkedin.com/feed/update/urn%3Ali%3Aactivity%3A6830428733317419008
2021-08-18 13:38:43,LIKE,https://www.linkedin.com/feed/update/urn%3Ali%3Aactivity%3A6833614511329611776?commentUrn=urn%3Ali%3Acomment%3A%28activity%3A6833614511329611776%2C6833707519735566336%29
2021-08-18 13:38:31,LIKE,https://www.linkedin.com/feed/update/urn%3Ali%3Aactivity%3A6833614511329611776?commentUrn=urn%3Ali%3Acomment%3A%28activity%3A6833614511329611776%2C6833705207818465281%29
2021-08-18 09:52:54,LIKE,https://www.linkedin.com/feed/update/urn%3Ali%3Aactivity%3A6833654188669501440
2021-08-18 09:51:50,LIKE,https://www.linkedin.com/feed/update/urn%3Ali%3Aactivity%3A6833614511329611776?commentUrn=urn%3Ali%3Acomment%3A%28activity%3A6833614511329611776%2C6833672064696668160%29
2021-08-18 09:51:36,LIKE,https://www.linkedin.com/feed/update/urn%3Ali%3Aactivity%3A6833614511329611776?commentUrn=urn%3Ali%3Acomment%3A%28activity%3A6833614511329611776%2C6833686199517941760%29
2021-08-18 09:51:22,LIKE,https://www.linkedin.com/feed/update/urn%3Ali%3Aactivity%3A6833614511329611776?commentUrn=urn%3Ali%3Acomment%3A%28activity%3A6833614511329611776%2C6833692463459311616%29
2021-08-18 07:48:23,LIKE,https://www.linkedin.com/feed/update/urn%3Ali%3Aactivity%3A6833614511329611776?commentUrn=urn%3Ali%3Acomment%3A%28activity%3A6833614511329611776%2C6833653844652679168%29
2021-08-18 07:48:06,LIKE,https://www.linkedin.com/feed/update/urn%3Ali%3Aactivity%3A6833614511329611776?commentUrn=urn%3Ali%3Acomment%3A%28activity%3A6833614511329611776%2C6833652856525070336%29
2021-08-18 07:47:49,LIKE,https://www.linkedin.com/feed/update/urn%3Ali%3Aactivity%3A6833614511329611776?commentUrn=urn%3Ali%3Acomment%3A%28activity%3A6833614511329611776%2C6833627938689294336%29
2021-08-18 07:47:32,LIKE,https://www.linkedin.com/feed/update/urn%3Ali%3Aactivity%3A6833614511329611776?commentUrn=urn%3Ali%3Acomment%3A%28activity%3A6833614511329611776%2C6833618308957306880%29
2021-08-18 07:47:06,LIKE,https://www.linkedin.com/feed/update/urn%3Ali%3Aactivity%3A6833614511329611776?commentUrn=urn%3Ali%3Acomment%3A%28activity%3A6833614511329611776%2C6833629908552568832%29
2021-08-16 15:19:18,LIKE,https://www.linkedin.com/feed/update/urn%3Ali%3Aactivity%3A6831972149339701248
2021-08-15 13:26:47,LIKE,https://www.linkedin.com/feed/update/urn%3Ali%3Aactivity%3A6832557792277217280
2021-08-15 03:30:43,LIKE,https://www.linkedin.com/feed/update/urn%3Ali%3Aactivity%3A6832410278131507200
2021-08-13 09:50:26,LIKE,https://www.linkedin.com/feed/update/urn%3Ali%3Aactivity%3A6830103563566411776
2021-08-13 03:47:57,LIKE,https://www.linkedin.com/feed/update/urn%3Ali%3Aactivity%3A6827645131609444352
2021-08-12 14:21:58,LIKE,https://www.linkedin.com/feed/update/urn%3Ali%3Aactivity%3A6828239832351875072
2021-08-12 14:21:50,LIKE,https://www.linkedin.com/feed/update/urn%3Ali%3Aactivity%3A6831410882531135488
2021-08-10 13:15:21,LIKE,https://www.linkedin.com/feed/update/urn%3Ali%3Aactivity%3A6830405697700720640
2021-08-10 13:14:20,LIKE,https://www.linkedin.com/feed/update/urn%3Ali%3Aactivity%3A6829017071549054976
2021-08-10 13:14:09,LIKE,https://www.linkedin.com/feed/update/urn%3Ali%3Aactivity%3A6830045369523605504
2021-08-10 03:27:12,LIKE,https://www.linkedin.com/feed/update/urn%3Ali%3Aactivity%3A6830424667422015488
2021-08-08 12:51:48,LIKE,https://www.linkedin.com/feed/update/urn%3Ali%3AugcPost%3A6829977117309104128
2021-08-07 17:01:08,LIKE,https://www.linkedin.com/feed/update/urn%3Ali%3Aactivity%3A6829794937056428032
2021-08-07 04:47:40,LIKE,https://www.linkedin.com/feed/update/urn%3Ali%3AugcPost%3A6829394508115955713
2021-08-06 17:16:25,LIKE,https://www.linkedin.com/feed/update/urn%3Ali%3Aactivity%3A6828554937052528641
2021-08-06 17:08:23,LIKE,https://www.linkedin.com/feed/update/urn%3Ali%3Aactivity%3A6829025773114966016
2021-08-02 15:52:11,LIKE,https://www.linkedin.com/feed/update/urn%3Ali%3Aactivity%3A6827903779376123904
2021-08-01 18:45:11,LIKE,https://www.linkedin.com/feed/update/urn%3Ali%3Aactivity%3A6826943414286786560
2021-07-31 05:40:03,LIKE,https://www.linkedin.com/feed/update/urn%3Ali%3Aactivity%3A6826778878070145024
2021-07-29 14:34:26,LIKE,https://www.linkedin.com/feed/update/urn%3Ali%3AugcPost%3A6826393847791132672
2021-07-25 07:22:20,LIKE,https://www.linkedin.com/feed/update/urn%3Ali%3AugcPost%3A6824687282486878208
2021-07-21 03:48:39,LIKE,https://www.linkedin.com/feed/update/urn%3Ali%3Aactivity%3A6822396204983296000
2021-07-10 10:05:11,LIKE,https://www.linkedin.com/feed/update/urn%3Ali%3AugcPost%3A6819488583930441728
2021-07-06 16:49:35,LIKE,https://www.linkedin.com/feed/update/urn%3Ali%3Aactivity%3A6817722015026434048
2021-07-05 07:08:42,LIKE,https://www.linkedin.com/feed/update/urn%3Ali%3Aactivity%3A6815210267920617472
2021-07-01 13:58:45,LIKE,https://www.linkedin.com/feed/update/urn%3Ali%3Aactivity%3A6816342817711939584
2021-06-22 18:39:51,LIKE,https://www.linkedin.com/feed/update/urn%3Ali%3Aactivity%3A6812839351882526720
2021-06-16 11:40:31,LIKE,https://www.linkedin.com/feed/update/urn%3Ali%3AugcPost%3A6810559369009238017
2021-06-11 13:42:55,PRAISE,https://www.linkedin.com/feed/update/urn%3Ali%3Aactivity%3A6809106725396897792
2021-06-11 04:58:39,PRAISE,https://www.linkedin.com/feed/update/urn%3Ali%3Aactivity%3A6807351910274740224
2021-06-02 07:49:35,LIKE,https://www.linkedin.com/feed/update/urn%3Ali%3Aactivity%3A6805463690687651840
2021-06-01 12:58:16,LIKE,https://www.linkedin.com/feed/update/urn%3Ali%3Aactivity%3A6805005946541240320
2021-05-30 18:11:02,LIKE,https://www.linkedin.com/feed/update/urn%3Ali%3Aactivity%3A6803629819679637504
2021-05-24 17:43:02,LIKE,https://www.linkedin.com/feed/update/urn%3Ali%3AugcPost%3A6802640674056470528
2021-05-23 11:49:37,PRAISE,https://www.linkedin.com/feed/update/urn%3Ali%3Aactivity%3A6801964571977420800
2021-05-12 05:21:00,LIKE,https://www.linkedin.com/feed/update/urn%3Ali%3Aactivity%3A6797276441869455360
2021-05-12 05:18:12,LIKE,https://www.linkedin.com/feed/update/urn%3Ali%3Aactivity%3A6797930241781239809
2021-04-30 14:27:34,PRAISE,https://www.linkedin.com/feed/update/urn%3Ali%3AugcPost%3A6793824931416223744
2021-04-21 10:41:01,LIKE,https://www.linkedin.com/feed/update/urn%3Ali%3Aactivity%3A6790536796485799936
2021-04-20 07:44:28,LIKE,https://www.linkedin.com/feed/update/urn%3Ali%3Aactivity%3A6788117721948205056
2021-04-15 15:22:20,LIKE,https://www.linkedin.com/feed/update/urn%3Ali%3Aactivity%3A6788044747828195328
2021-04-14 05:07:26,LIKE,https://www.linkedin.com/feed/update/urn%3Ali%3Aactivity%3A6784444643271565312
2021-04-14 05:05:08,LIKE,https://www.linkedin.com/feed/update/urn%3Ali%3Aactivity%3A6786880319887941632
2021-04-14 05:03:06,LIKE,https://www.linkedin.com/feed/update/urn%3Ali%3Aactivity%3A6787364847278452736
2021-04-06 19:46:53,LIKE,https://www.linkedin.com/feed/update/urn%3Ali%3Aactivity%3A6784366057676247040
2021-04-06 19:46:50,LIKE,https://www.linkedin.com/feed/update/urn%3Ali%3Aactivity%3A6784919360134815744
2021-04-06 19:46:39,LIKE,https://www.linkedin.com/feed/update/urn%3Ali%3Aactivity%3A6783601860608708609
2021-04-05 14:25:12,LIKE,https://www.linkedin.com/feed/update/urn%3Ali%3Aactivity%3A6781274675587629056
2021-04-04 13:22:04,LIKE,https://www.linkedin.com/feed/update/urn%3Ali%3Aactivity%3A6783887645383647232
2021-04-02 17:59:25,LIKE,https://www.linkedin.com/feed/update/urn%3Ali%3Aactivity%3A6783697386247131136
2021-04-01 16:45:41,LIKE,https://www.linkedin.com/feed/update/urn%3Ali%3Aactivity%3A6783273270100795393
2021-04-01 16:43:08,LIKE,https://www.linkedin.com/feed/update/urn%3Ali%3Aactivity%3A6783362316441317376
2021-03-30 14:13:07,LIKE,https://www.linkedin.com/feed/update/urn%3Ali%3Aactivity%3A6782625057651920896
2021-03-30 09:36:39,LIKE,https://www.linkedin.com/feed/update/urn%3Ali%3Aactivity%3A6782262214452686848
2021-03-26 17:23:57,LIKE,https://www.linkedin.com/feed/update/urn%3Ali%3Aactivity%3A6781249981278928896
2021-03-26 17:20:37,LIKE,https://www.linkedin.com/feed/update/urn%3Ali%3Aactivity%3A6781192221610823680
2021-03-23 18:36:16,LIKE,https://www.linkedin.com/feed/update/urn%3Ali%3Aactivity%3A6780123685190717440
2021-03-23 18:35:01,PRAISE,https://www.linkedin.com/feed/update/urn%3Ali%3Aactivity%3A6779709500850024448
2021-03-19 06:39:27,LIKE,https://www.linkedin.com/feed/update/urn%3Ali%3Aactivity%3A6773622690961002496
2021-03-19 06:36:25,LIKE,https://www.linkedin.com/feed/update/urn%3Ali%3Aactivity%3A6778556493382873088
2021-03-16 09:27:42,LIKE,https://www.linkedin.com/feed/update/urn%3Ali%3Aactivity%3A6777182764035821568
2021-03-13 17:11:13,LIKE,https://www.linkedin.com/feed/update/urn%3Ali%3Aactivity%3A6776497507540328448
2021-03-07 13:32:35,LIKE,https://www.linkedin.com/feed/update/urn%3Ali%3AugcPost%3A6769546838216445952
2021-03-07 13:31:49,LIKE,https://www.linkedin.com/feed/update/urn%3Ali%3Aactivity%3A6772915076157501441
2021-03-07 13:30:21,PRAISE,https://www.linkedin.com/feed/update/urn%3Ali%3Aactivity%3A6773112879890665472
2021-03-06 06:03:36,LIKE,https://www.linkedin.com/feed/update/urn%3Ali%3Aactivity%3A6772721202285957120
2021-02-10 19:21:04,LIKE,https://www.linkedin.com/feed/update/urn%3Ali%3Aactivity%3A6764976549734219777?commentUrn=urn%3Ali%3Acomment%3A%28activity%3A6764976549734219777%2C6765286773804326912%29
2021-02-10 19:20:46,LIKE,https://www.linkedin.com/feed/update/urn%3Ali%3Aactivity%3A6764976549734219777?commentUrn=urn%3Ali%3Acomment%3A%28activity%3A6764976549734219777%2C6765226756195667968%29
2021-02-09 18:28:38,LIKE,https://www.linkedin.com/feed/update/urn%3Ali%3Aactivity%3A6763493921696886784
2021-02-09 18:28:14,LIKE,https://www.linkedin.com/feed/update/urn%3Ali%3Aactivity%3A6761913962205450240
2021-02-09 09:54:35,PRAISE,https://www.linkedin.com/feed/update/urn%3Ali%3Aactivity%3A6763463874432897024
2021-01-27 09:45:26,LIKE,https://www.linkedin.com/feed/update/urn%3Ali%3Aactivity%3A6758980232096624640
2021-01-26 08:49:23,LIKE,https://www.linkedin.com/feed/update/urn%3Ali%3Aactivity%3A6759544889702264832
2021-01-24 09:46:13,LIKE,https://www.linkedin.com/feed/update/urn%3Ali%3Aactivity%3A6757584192944521216
2021-01-24 09:44:50,LIKE,https://www.linkedin.com/feed/update/urn%3Ali%3Aactivity%3A6758983893510107136?commentUrn=urn%3Ali%3Acomment%3A%28activity%3A6758983893510107136%2C6759009363412815873%29
2021-01-22 07:26:28,LIKE,https://www.linkedin.com/feed/update/urn%3Ali%3Aactivity%3A6758279839293206528
2021-01-21 20:18:23,LIKE,https://www.linkedin.com/feed/update/urn%3Ali%3Aactivity%3A6758033390097747968
2021-01-21 13:16:38,LIKE,https://www.linkedin.com/feed/update/urn%3Ali%3Aactivity%3A6757856027007348737
2021-01-19 18:46:34,APPRECIATION,https://www.linkedin.com/feed/update/urn%3Ali%3Aactivity%3A6757350267404087296
2021-01-19 14:59:52,PRAISE,https://www.linkedin.com/feed/update/urn%3Ali%3Aactivity%3A6757233923333373952
2021-01-19 14:53:03,LIKE,https://www.linkedin.com/feed/update/urn%3Ali%3AugcPost%3A6752965513099452417?commentUrn=urn%3Ali%3Acomment%3A%28ugcPost%3A6752965513099452417%2C6757140479495700480%29
2021-01-19 14:52:22,LIKE,https://www.linkedin.com/feed/update/urn%3Ali%3AugcPost%3A6756277070600433664?commentUrn=urn%3Ali%3Acomment%3A%28ugcPost%3A6756277070600433664%2C6756994696247160832%29
2021-01-19 14:52:09,LIKE,https://www.linkedin.com/feed/update/urn%3Ali%3AugcPost%3A6756277070600433664?commentUrn=urn%3Ali%3Acomment%3A%28ugcPost%3A6756277070600433664%2C6757135477641367552%29
2021-01-19 14:51:50,LIKE,https://www.linkedin.com/feed/update/urn%3Ali%3AugcPost%3A6756277070600433664?commentUrn=urn%3Ali%3Acomment%3A%28ugcPost%3A6756277070600433664%2C6757219673353334784%29
2021-01-18 18:14:03,LIKE,https://www.linkedin.com/feed/update/urn%3Ali%3Aactivity%3A6756807338830655488
2021-01-16 18:45:15,LIKE,https://www.linkedin.com/feed/update/urn%3Ali%3AugcPost%3A6756056856529117184
2021-01-16 18:45:06,LIKE,https://www.linkedin.com/feed/update/urn%3Ali%3Aactivity%3A6755340108343332864
2021-01-16 17:41:48,LIKE,https://www.linkedin.com/feed/update/urn%3Ali%3Aactivity%3A6756193902153220097
2021-01-16 17:40:23,LIKE,https://www.linkedin.com/feed/update/urn%3Ali%3Aactivity%3A6756195061916037120
2021-01-16 06:30:36,LIKE,https://www.linkedin.com/feed/update/urn%3Ali%3AugcPost%3A6755773042216972288
2021-01-15 10:29:36,LIKE,https://www.linkedin.com/feed/update/urn%3Ali%3Aactivity%3A6755691892987441152
2021-01-15 10:28:19,LIKE,https://www.linkedin.com/feed/update/urn%3Ali%3AugcPost%3A6755744563769430016
2021-01-15 10:28:18,LIKE,https://www.linkedin.com/feed/update/urn%3Ali%3Aactivity%3A6755489259110621184
2021-01-15 10:26:49,LIKE,https://www.linkedin.com/feed/update/urn%3Ali%3AugcPost%3A6755479707069763585
2021-01-15 10:26:18,PRAISE,https://www.linkedin.com/feed/update/urn%3Ali%3Aactivity%3A6755749764333129728
2021-01-12 16:06:01,LIKE,https://www.linkedin.com/feed/update/urn%3Ali%3AugcPost%3A6754749441527414784
2021-01-12 16:05:57,LIKE,https://www.linkedin.com/feed/update/urn%3Ali%3Aactivity%3A6752268957295751168
2021-01-12 16:05:50,LIKE,https://www.linkedin.com/feed/update/urn%3Ali%3Aactivity%3A6754225314475331584
2021-01-12 16:04:01,LIKE,https://www.linkedin.com/feed/update/urn%3Ali%3AugcPost%3A6754652204352720896
2021-01-12 16:03:40,LIKE,https://www.linkedin.com/feed/update/urn%3Ali%3Aactivity%3A6750362623696617472
2021-01-12 16:02:08,LIKE,https://www.linkedin.com/feed/update/urn%3Ali%3AugcPost%3A6754603384264777728
2021-01-12 16:01:42,LIKE,https://www.linkedin.com/feed/update/urn%3Ali%3AugcPost%3A6752965513099452417?commentUrn=urn%3Ali%3Acomment%3A%28ugcPost%3A6752965513099452417%2C6754603618680225792%29
2021-01-11 18:35:03,LIKE,https://www.linkedin.com/feed/update/urn%3Ali%3Aactivity%3A6754461067486789632
2021-01-11 18:11:29,LIKE,https://www.linkedin.com/feed/update/urn%3Ali%3AugcPost%3A6752965513099452417?commentUrn=urn%3Ali%3Acomment%3A%28ugcPost%3A6752965513099452417%2C6754457644951515136%29
2021-01-11 12:06:36,LIKE,https://www.linkedin.com/feed/update/urn%3Ali%3AugcPost%3A6754348880420225024
2021-01-10 11:32:18,LIKE,https://www.linkedin.com/feed/update/urn%3Ali%3Aactivity%3A6753983277863964672
2021-01-09 10:07:38,LIKE,https://www.linkedin.com/feed/update/urn%3Ali%3Aactivity%3A6749630135202410496
2021-01-09 10:02:04,LIKE,https://www.linkedin.com/feed/update/urn%3Ali%3Aactivity%3A6751855545671548928
2021-01-09 09:52:31,LIKE,https://www.linkedin.com/feed/update/urn%3Ali%3AugcPost%3A6752965513099452417?commentUrn=urn%3Ali%3Acomment%3A%28ugcPost%3A6752965513099452417%2C6753601670061584384%29
2021-01-09 08:42:48,LIKE,https://www.linkedin.com/feed/update/urn%3Ali%3AugcPost%3A6752945854262386688
2021-01-09 08:40:43,LIKE,https://www.linkedin.com/feed/update/urn%3Ali%3Aactivity%3A6752916513285558272
2021-01-09 08:40:36,LIKE,https://www.linkedin.com/feed/update/urn%3Ali%3AugcPost%3A6752115203397165056
2021-01-09 08:38:43,LIKE,https://www.linkedin.com/feed/update/urn%3Ali%3AugcPost%3A6749007284199833600
2021-01-09 08:37:14,LIKE,https://www.linkedin.com/feed/update/urn%3Ali%3Aactivity%3A6749925668798111744
2021-01-08 13:41:52,LIKE,https://www.linkedin.com/feed/update/urn%3Ali%3Aactivity%3A6752510546450509824
2021-01-02 18:56:33,LIKE,https://www.linkedin.com/feed/update/urn%3Ali%3Aactivity%3A6751036826871504896
2020-12-28 15:22:45,LIKE,https://www.linkedin.com/feed/update/urn%3Ali%3Aactivity%3A6749319166114828288
2020-12-23 13:37:58,LIKE,https://www.linkedin.com/feed/update/urn%3Ali%3Aactivity%3A6747156055840612352
2020-12-23 13:35:57,LIKE,https://www.linkedin.com/feed/update/urn%3Ali%3Aactivity%3A6747365072563175424
2020-12-19 15:37:47,LIKE,https://www.linkedin.com/feed/update/urn%3Ali%3Aactivity%3A6744214453228748800
2020-12-19 15:37:20,LIKE,https://www.linkedin.com/feed/update/urn%3Ali%3AugcPost%3A6745603118320386048
2020-12-19 15:31:55,LIKE,https://www.linkedin.com/feed/update/urn%3Ali%3Aactivity%3A6745736518314328064
2020-12-19 15:31:46,LIKE,https://www.linkedin.com/feed/update/urn%3Ali%3Aactivity%3A6745762914730340353
2020-12-14 17:24:51,LIKE,https://www.linkedin.com/feed/update/urn%3Ali%3Aactivity%3A6744096592518885376
2020-12-14 17:11:41,LIKE,https://www.linkedin.com/feed/update/urn%3Ali%3Aactivity%3A6744162542664450048
2020-12-12 08:39:35,LIKE,https://www.linkedin.com/feed/update/urn%3Ali%3Aactivity%3A6743358450182582272
2020-12-11 05:36:59,LIKE,https://www.linkedin.com/feed/update/urn%3Ali%3Aactivity%3A6743027463900676096
2020-12-10 13:48:02,LIKE,https://www.linkedin.com/feed/update/urn%3Ali%3Aactivity%3A6742791610142195712
2020-12-07 16:38:50,LIKE,https://www.linkedin.com/feed/update/urn%3Ali%3Aactivity%3A6741730395345178624
2020-12-07 12:53:43,LIKE,https://www.linkedin.com/feed/update/urn%3Ali%3Aactivity%3A6741641601841467392
2020-12-06 15:32:07,LIKE,https://www.linkedin.com/feed/update/urn%3Ali%3Aactivity%3A6740577095124086785
2020-12-06 15:31:57,LIKE,https://www.linkedin.com/feed/update/urn%3Ali%3Aactivity%3A6741355835777261568
2020-12-04 06:33:02,LIKE,https://www.linkedin.com/feed/update/urn%3Ali%3Aactivity%3A6740465576784855040
2020-12-02 15:31:46,LIKE,https://www.linkedin.com/feed/update/urn%3Ali%3Aactivity%3A6739419711659925504
2020-11-30 15:20:37,LIKE,https://www.linkedin.com/feed/update/urn%3Ali%3Aactivity%3A6738839529433784320
2020-11-27 17:44:00,LIKE,https://www.linkedin.com/feed/update/urn%3Ali%3Aactivity%3A6738089191638470656
2020-11-25 15:53:56,LIKE,https://www.linkedin.com/feed/update/urn%3Ali%3Aactivity%3A6737077198408224768
2020-11-24 12:25:59,LIKE,https://www.linkedin.com/feed/update/urn%3Ali%3Aactivity%3A6736795165824053249
2020-11-18 17:57:59,LIKE,https://www.linkedin.com/feed/update/urn%3Ali%3Aactivity%3A6734692507201998848
2020-11-16 03:11:35,LIKE,https://www.linkedin.com/feed/update/urn%3Ali%3Aactivity%3A6733700837799018496
2020-11-15 14:02:43,LIKE,https://www.linkedin.com/feed/update/urn%3Ali%3Aactivity%3A6733719624745140224
2020-11-08 09:31:27,LIKE,https://www.linkedin.com/feed/update/urn%3Ali%3Aactivity%3A6731113577677246464
2020-11-02 17:39:41,LIKE,https://www.linkedin.com/feed/update/urn%3Ali%3AugcPost%3A6729024472055123968
2020-10-31 16:21:54,LIKE,https://www.linkedin.com/feed/update/urn%3Ali%3Aactivity%3A6728311936997478400
2020-10-29 09:29:17,LIKE,https://www.linkedin.com/feed/update/urn%3Ali%3Aactivity%3A6727419162198728704
2020-10-27 17:38:59,LIKE,https://www.linkedin.com/feed/update/urn%3Ali%3Aactivity%3A6726548743920922624
2020-10-26 16:02:16,PRAISE,https://www.linkedin.com/feed/update/urn%3Ali%3Aactivity%3A6725756171258523648
2020-10-23 11:08:21,LIKE,https://www.linkedin.com/feed/update/urn%3Ali%3Aactivity%3A6725042457333043200
2020-10-23 11:06:45,LIKE,https://www.linkedin.com/feed/update/urn%3Ali%3Aactivity%3A6725349679766241281
2020-10-22 17:20:08,LIKE,https://www.linkedin.com/feed/update/urn%3Ali%3Aactivity%3A6725062180078678016
2020-10-22 13:09:58,LIKE,https://www.linkedin.com/feed/update/urn%3Ali%3AugcPost%3A6724929884658966528
2020-10-21 06:53:24,LIKE,https://www.linkedin.com/feed/update/urn%3Ali%3Aactivity%3A6724046099587334144
2020-10-17 18:12:40,LIKE,https://www.linkedin.com/feed/update/urn%3Ali%3Aactivity%3A6722872560440135680?commentUrn=urn%3Ali%3Acomment%3A%28activity%3A6722872560440135680%2C6722884421415968768%29
2020-10-17 18:12:38,LIKE,https://www.linkedin.com/feed/update/urn%3Ali%3Aactivity%3A6722872560440135680?commentUrn=urn%3Ali%3Acomment%3A%28activity%3A6722872560440135680%2C6723263587671977984%29
2020-10-17 18:12:36,LIKE,https://www.linkedin.com/feed/update/urn%3Ali%3Aactivity%3A6722872560440135680?commentUrn=urn%3Ali%3Acomment%3A%28activity%3A6722872560440135680%2C6722930867037110272%29
2020-10-15 17:12:04,LIKE,https://www.linkedin.com/feed/update/urn%3Ali%3Aactivity%3A6722469887576543234
2020-10-10 16:58:12,LIKE,https://www.linkedin.com/feed/update/urn%3Ali%3Aactivity%3A6719235763239731200
2020-10-02 17:36:14,LIKE,https://www.linkedin.com/feed/update/urn%3Ali%3Aactivity%3A6716266575848112128
2020-10-02 17:33:23,LIKE,https://www.linkedin.com/feed/update/urn%3Ali%3Aactivity%3A6716668116996292608
2020-09-05 05:54:09,LIKE,https://www.linkedin.com/feed/update/urn%3Ali%3Aactivity%3A6707716741088321536
2020-09-04 18:11:24,LIKE,https://www.linkedin.com/feed/update/urn%3Ali%3Aactivity%3A6706951778144972800
2020-09-04 18:05:41,LIKE,https://www.linkedin.com/feed/update/urn%3Ali%3AugcPost%3A6694472594206420992
2020-09-04 18:01:08,LIKE,https://www.linkedin.com/feed/update/urn%3Ali%3AugcPost%3A6707200921719373824
2020-08-31 18:43:43,LIKE,https://www.linkedin.com/feed/update/urn%3Ali%3Aactivity%3A6705945885928415232
2020-08-29 18:31:40,LIKE,https://www.linkedin.com/feed/update/urn%3Ali%3AugcPost%3A6705024139834507264
2020-08-25 17:07:52,LIKE,https://www.linkedin.com/feed/update/urn%3Ali%3AugcPost%3A6703941205681586176
2020-08-25 17:05:29,LIKE,https://www.linkedin.com/feed/update/urn%3Ali%3Aactivity%3A6703915593109700608
2020-08-23 18:02:56,LIKE,https://www.linkedin.com/feed/update/urn%3Ali%3Aactivity%3A6703360629115256832
2020-08-23 08:04:02,LIKE,https://www.linkedin.com/feed/update/urn%3Ali%3Aactivity%3A6701021797355261952
2020-08-22 09:24:22,LIKE,https://www.linkedin.com/feed/update/urn%3Ali%3Aactivity%3A6699880276941778944
2020-08-17 18:33:06,PRAISE,https://www.linkedin.com/feed/update/urn%3Ali%3Aactivity%3A6701040127763988481
2020-08-15 14:44:44,LIKE,https://www.linkedin.com/feed/update/urn%3Ali%3Aactivity%3A6700385852993994752
2020-08-15 11:47:24,LIKE,https://www.linkedin.com/feed/update/urn%3Ali%3Aactivity%3A6700339343204106240
2020-08-08 14:31:51,PRAISE,https://www.linkedin.com/feed/update/urn%3Ali%3AugcPost%3A6697868785765933056
2020-08-06 14:36:59,LIKE,https://www.linkedin.com/feed/update/urn%3Ali%3AugcPost%3A6696956457407053824
2020-08-04 05:55:35,LIKE,https://www.linkedin.com/feed/update/urn%3Ali%3Aactivity%3A6695746342897242112
2020-08-01 08:01:00,LIKE,https://www.linkedin.com/feed/update/urn%3Ali%3Aactivity%3A6695220603487608832
2020-08-01 07:53:31,LIKE,https://www.linkedin.com/feed/update/urn%3Ali%3Aactivity%3A6695225027765288960
2020-07-31 16:45:47,LIKE,https://www.linkedin.com/feed/update/urn%3Ali%3AugcPost%3A6694977710990667776
2020-07-30 18:53:58,LIKE,https://www.linkedin.com/feed/update/urn%3Ali%3Aactivity%3A6694536022954516480
2020-07-30 18:53:45,LIKE,https://www.linkedin.com/feed/update/urn%3Ali%3Aactivity%3A6694593790621081601
2020-07-30 18:53:04,LIKE,https://www.linkedin.com/feed/update/urn%3Ali%3AugcPost%3A6694565838038552576
2020-07-30 09:28:38,LIKE,https://www.linkedin.com/feed/update/urn%3Ali%3Aactivity%3A6693835478820544512
2020-07-30 09:28:26,LIKE,https://www.linkedin.com/feed/update/urn%3Ali%3Aactivity%3A6693836024566611968
2020-07-30 09:28:22,LIKE,https://www.linkedin.com/feed/update/urn%3Ali%3Aactivity%3A6694495116591210496
2020-07-30 09:26:12,LIKE,https://www.linkedin.com/feed/update/urn%3Ali%3AugcPost%3A6692853575850323968
2020-07-30 09:25:01,LIKE,https://www.linkedin.com/feed/update/urn%3Ali%3AugcPost%3A6694477222750814208
2020-07-30 09:24:05,LIKE,https://www.linkedin.com/feed/update/urn%3Ali%3AugcPost%3A6694487168485777408
2020-07-29 14:09:16,LIKE,https://www.linkedin.com/feed/update/urn%3Ali%3AugcPost%3A6694175994951155712
2020-07-29 14:07:29,LIKE,https://www.linkedin.com/feed/update/urn%3Ali%3Aactivity%3A6694143360283762688
2020-07-29 14:07:20,LIKE,https://www.linkedin.com/feed/update/urn%3Ali%3AugcPost%3A6694179775772205056
2020-07-29 14:06:59,LIKE,https://www.linkedin.com/feed/update/urn%3Ali%3Aactivity%3A6694185110662656000
2020-07-29 13:53:56,LIKE,https://www.linkedin.com/feed/update/urn%3Ali%3AugcPost%3A6694199571729448960
2020-07-29 13:51:02,INTEREST,https://www.linkedin.com/feed/update/urn%3Ali%3AugcPost%3A6694189054843596800
2020-07-28 18:05:57,LIKE,https://www.linkedin.com/feed/update/urn%3Ali%3AugcPost%3A6690847783840210944
2020-07-28 18:03:16,LIKE,https://www.linkedin.com/feed/update/urn%3Ali%3AugcPost%3A6693904733213749248
2020-07-28 18:02:05,LIKE,https://www.linkedin.com/feed/update/urn%3Ali%3Aactivity%3A6693836944188723201
2020-07-28 18:01:24,LIKE,https://www.linkedin.com/feed/update/urn%3Ali%3Aactivity%3A6693889998246227968
2020-07-28 17:54:10,LIKE,https://www.linkedin.com/feed/update/urn%3Ali%3Aactivity%3A6693855474661548033
2020-07-28 04:54:01,INTEREST,https://www.linkedin.com/feed/update/urn%3Ali%3Aactivity%3A6693734013577908224
2020-07-27 17:00:43,LIKE,https://www.linkedin.com/feed/update/urn%3Ali%3Aactivity%3A6693542128921972736
2020-07-27 10:07:37,LIKE,https://www.linkedin.com/feed/update/urn%3Ali%3AugcPost%3A6693418442235760640
2020-07-27 03:41:36,LIKE,https://www.linkedin.com/feed/update/urn%3Ali%3Aactivity%3A6692832705417150464
2020-07-27 03:38:35,LIKE,https://www.linkedin.com/feed/update/urn%3Ali%3AugcPost%3A6693215588707262464
2020-07-26 16:26:07,LIKE,https://www.linkedin.com/feed/update/urn%3Ali%3AugcPost%3A6693182402027667456
2020-07-26 04:59:10,LIKE,https://www.linkedin.com/feed/update/urn%3Ali%3AugcPost%3A6692887061491433473
2020-07-25 16:43:44,LIKE,https://www.linkedin.com/feed/update/urn%3Ali%3AugcPost%3A6692741554626420737
2020-07-25 16:39:20,LIKE,https://www.linkedin.com/feed/update/urn%3Ali%3Aactivity%3A6692691589887795200
2020-07-25 16:39:05,LIKE,https://www.linkedin.com/feed/update/urn%3Ali%3AugcPost%3A6692748313256714240
2020-07-25 16:36:18,LIKE,https://www.linkedin.com/feed/update/urn%3Ali%3AugcPost%3A6692761605538627584
2020-07-25 16:34:59,LIKE,https://www.linkedin.com/feed/update/urn%3Ali%3AugcPost%3A6692739487623200768
2020-07-25 16:34:55,LIKE,https://www.linkedin.com/feed/update/urn%3Ali%3Aactivity%3A6692759836154757120
2020-07-25 16:34:31,LIKE,https://www.linkedin.com/feed/update/urn%3Ali%3Aactivity%3A6692767202346618880
2020-07-25 11:43:39,LIKE,https://www.linkedin.com/feed/update/urn%3Ali%3Aactivity%3A6692631303357128705
2020-07-25 11:41:30,LIKE,https://www.linkedin.com/feed/update/urn%3Ali%3AugcPost%3A6691654635716952066
2020-07-25 11:41:16,LIKE,https://www.linkedin.com/feed/update/urn%3Ali%3AugcPost%3A6692702691623264256
2020-07-25 11:41:07,LIKE,https://www.linkedin.com/feed/update/urn%3Ali%3AugcPost%3A6692752933567651840
2020-07-25 11:40:49,LIKE,https://www.linkedin.com/feed/update/urn%3Ali%3Aactivity%3A6692679601703018496
2020-07-24 18:16:52,LIKE,https://www.linkedin.com/feed/update/urn%3Ali%3AugcPost%3A6691614290543206400
2020-07-24 18:16:02,LIKE,https://www.linkedin.com/feed/update/urn%3Ali%3Aactivity%3A6692432494832230400
2020-07-24 09:25:12,LIKE,https://www.linkedin.com/feed/update/urn%3Ali%3Aactivity%3A6692012695195058176
2020-07-24 09:20:53,LIKE,https://www.linkedin.com/feed/update/urn%3Ali%3Aactivity%3A6692311299071770624
2020-07-23 05:00:21,LIKE,https://www.linkedin.com/feed/update/urn%3Ali%3AugcPost%3A6691718398365233152
2020-07-23 04:56:31,LIKE,https://www.linkedin.com/feed/update/urn%3Ali%3Aactivity%3A6687989143357702144
2020-07-23 04:55:10,LIKE,https://www.linkedin.com/feed/update/urn%3Ali%3AugcPost%3A6691594567751475200
2020-07-23 04:54:56,LIKE,https://www.linkedin.com/feed/update/urn%3Ali%3AugcPost%3A6691748617868365824
2020-07-22 13:35:29,LIKE,https://www.linkedin.com/feed/update/urn%3Ali%3Aactivity%3A6688519967094190080
2020-07-22 13:33:35,LIKE,https://www.linkedin.com/feed/update/urn%3Ali%3Aactivity%3A6691642893389713408
2020-07-22 13:33:25,LIKE,https://www.linkedin.com/feed/update/urn%3Ali%3Aactivity%3A6691685072376070144
2020-07-22 08:08:07,LIKE,https://www.linkedin.com/feed/update/urn%3Ali%3AugcPost%3A6691562104316542976
2020-07-22 08:07:50,LIKE,https://www.linkedin.com/feed/update/urn%3Ali%3AugcPost%3A6691571930342014977
2020-07-22 08:06:59,LIKE,https://www.linkedin.com/feed/update/urn%3Ali%3AugcPost%3A6691421481978650624
2020-07-21 16:43:24,LIKE,https://www.linkedin.com/feed/update/urn%3Ali%3Aactivity%3A6691340867661365249
2020-07-21 16:42:31,LIKE,https://www.linkedin.com/feed/update/urn%3Ali%3AugcPost%3A6691291513126744064
2020-07-21 16:40:11,LIKE,https://www.linkedin.com/feed/update/urn%3Ali%3Aactivity%3A6691354805866258434
2020-07-21 04:45:07,LIKE,https://www.linkedin.com/feed/update/urn%3Ali%3Aactivity%3A6690937429664296960
2020-07-21 04:39:50,LIKE,https://www.linkedin.com/feed/update/urn%3Ali%3AugcPost%3A6691186977414356992
2020-07-20 16:39:10,LIKE,https://www.linkedin.com/feed/update/urn%3Ali%3AugcPost%3A6690913321354305537
2020-07-20 16:36:30,LIKE,https://www.linkedin.com/feed/update/urn%3Ali%3AugcPost%3A6690985511680544768
2020-07-20 16:35:21,LIKE,https://www.linkedin.com/feed/update/urn%3Ali%3Aactivity%3A6690992481682632705
2020-07-20 05:54:32,LIKE,https://www.linkedin.com/feed/update/urn%3Ali%3Aactivity%3A6690855406941691904
2020-07-19 17:17:41,LIKE,https://www.linkedin.com/feed/update/urn%3Ali%3AugcPost%3A6690608407918997504
2020-07-19 17:16:47,LIKE,https://www.linkedin.com/feed/update/urn%3Ali%3AugcPost%3A6690569038206173184
2020-07-19 17:15:41,LIKE,https://www.linkedin.com/feed/update/urn%3Ali%3AugcPost%3A6690621003137110016
2020-07-19 17:14:23,LIKE,https://www.linkedin.com/feed/update/urn%3Ali%3AugcPost%3A6690578634966675456
2020-07-19 16:06:13,LIKE,https://www.linkedin.com/feed/update/urn%3Ali%3Aactivity%3A6690592074024157184
2020-07-19 06:56:31,LIKE,https://www.linkedin.com/feed/update/urn%3Ali%3Aactivity%3A6690456921658470400
2020-07-19 06:55:59,LIKE,https://www.linkedin.com/feed/update/urn%3Ali%3AugcPost%3A6690290053157134336
2020-07-19 06:54:37,LIKE,https://www.linkedin.com/feed/update/urn%3Ali%3Aactivity%3A6690448331862351872
2020-07-18 17:19:30,LIKE,https://www.linkedin.com/feed/update/urn%3Ali%3Aactivity%3A6689932107374047232
2020-07-18 17:13:54,LIKE,https://www.linkedin.com/feed/update/urn%3Ali%3AugcPost%3A6689836287660179456
2020-07-18 17:01:18,INTEREST,https://www.linkedin.com/feed/update/urn%3Ali%3Aactivity%3A6690230182013468673
2020-07-18 08:12:39,LIKE,https://www.linkedin.com/feed/update/urn%3Ali%3Aactivity%3A6689896334666821632
2020-07-17 16:09:59,LIKE,https://www.linkedin.com/feed/update/urn%3Ali%3AugcPost%3A6689830983618842624
2020-07-17 15:49:51,LIKE,https://www.linkedin.com/feed/update/urn%3Ali%3AugcPost%3A6689836927446724608
2020-07-17 09:04:53,LIKE,https://www.linkedin.com/feed/update/urn%3Ali%3Aactivity%3A6688736415095885824
2020-07-17 07:49:41,LIKE,https://www.linkedin.com/feed/update/urn%3Ali%3Aactivity%3A6689781363408719873
2020-07-16 12:40:29,LIKE,https://www.linkedin.com/feed/update/urn%3Ali%3Aactivity%3A6689409747663364097
2020-07-16 06:28:36,LIKE,https://www.linkedin.com/feed/update/urn%3Ali%3AugcPost%3A6689409870694895616
2020-07-16 06:28:25,LIKE,https://www.linkedin.com/feed/update/urn%3Ali%3Aactivity%3A6689411573234171904
2020-07-16 05:59:39,LIKE,https://www.linkedin.com/feed/update/urn%3Ali%3Aactivity%3A6689364541454864384
2020-07-16 05:35:27,LIKE,https://www.linkedin.com/feed/update/urn%3Ali%3Aactivity%3A6689170321213329408
2020-07-16 05:32:53,LIKE,https://www.linkedin.com/feed/update/urn%3Ali%3Aactivity%3A6689032254959812608
2020-07-16 05:31:16,LIKE,https://www.linkedin.com/feed/update/urn%3Ali%3AugcPost%3A6689366377251270656
2020-07-16 05:28:42,LIKE,https://www.linkedin.com/feed/update/urn%3Ali%3AugcPost%3A6689266029538934784
2020-07-16 05:25:54,LIKE,https://www.linkedin.com/feed/update/urn%3Ali%3AugcPost%3A6689193037224034305
2020-07-16 05:25:28,LIKE,https://www.linkedin.com/feed/update/urn%3Ali%3Aactivity%3A6689144073594396672
2020-07-16 05:21:46,LIKE,https://www.linkedin.com/feed/update/urn%3Ali%3AugcPost%3A6689090041811222528
2020-07-16 05:20:44,LIKE,https://www.linkedin.com/feed/update/urn%3Ali%3Aactivity%3A6689102559329705984
2020-07-16 05:15:58,PRAISE,https://www.linkedin.com/feed/update/urn%3Ali%3Aactivity%3A6689029975628136448
2020-07-16 05:15:39,LIKE,https://www.linkedin.com/feed/update/urn%3Ali%3AugcPost%3A6689372569205927936
2020-07-16 05:15:08,LIKE,https://www.linkedin.com/feed/update/urn%3Ali%3Aactivity%3A6689368167258570752
2020-07-15 04:17:14,LIKE,https://www.linkedin.com/feed/update/urn%3Ali%3Aactivity%3A6688790236643889152
2020-07-14 16:54:30,LIKE,https://www.linkedin.com/feed/update/urn%3Ali%3AugcPost%3A6688785515493376000
2020-07-14 12:17:23,LIKE,https://www.linkedin.com/feed/update/urn%3Ali%3AugcPost%3A6688700436213587969
2020-07-14 11:48:57,LIKE,https://www.linkedin.com/feed/update/urn%3Ali%3AugcPost%3A6688649695364956160
2020-07-14 11:42:46,LIKE,https://www.linkedin.com/feed/update/urn%3Ali%3Aactivity%3A6688587370993893376
2020-07-14 11:06:16,LIKE,https://www.linkedin.com/feed/update/urn%3Ali%3AugcPost%3A6688736369646284800
2020-07-14 11:06:02,LIKE,https://www.linkedin.com/feed/update/urn%3Ali%3Aactivity%3A6688741164587208704
2020-07-14 11:05:36,LIKE,https://www.linkedin.com/feed/update/urn%3Ali%3AugcPost%3A6688706041665916928
2020-07-14 11:04:26,LIKE,https://www.linkedin.com/feed/update/urn%3Ali%3AugcPost%3A6688711250043568128
2020-07-13 16:17:40,LIKE,https://www.linkedin.com/feed/update/urn%3Ali%3Aactivity%3A6688464443476705280
2020-07-13 16:17:35,LIKE,https://www.linkedin.com/feed/update/urn%3Ali%3AugcPost%3A6688394490304114688
2020-07-13 16:17:12,LIKE,https://www.linkedin.com/feed/update/urn%3Ali%3Aactivity%3A6688424216343166976
2020-07-13 16:17:10,LIKE,https://www.linkedin.com/feed/update/urn%3Ali%3AugcPost%3A6688434373076762624
2020-07-13 16:17:00,LIKE,https://www.linkedin.com/feed/update/urn%3Ali%3Aactivity%3A6688455928020246528
2020-07-13 16:16:31,LIKE,https://www.linkedin.com/feed/update/urn%3Ali%3Aactivity%3A6688453828779622400
2020-07-13 16:15:04,LIKE,https://www.linkedin.com/feed/update/urn%3Ali%3AugcPost%3A6688436384312782848
2020-07-13 16:15:00,LIKE,https://www.linkedin.com/feed/update/urn%3Ali%3Aactivity%3A6688427160073449472
2020-07-13 05:58:12,LIKE,https://www.linkedin.com/feed/update/urn%3Ali%3Aactivity%3A6688306170958028800
2020-07-13 04:33:39,LIKE,https://www.linkedin.com/feed/update/urn%3Ali%3Aactivity%3A6684130732715192320
2020-07-13 04:24:13,LIKE,https://www.linkedin.com/feed/update/urn%3Ali%3AugcPost%3A6688269309615058944
2020-07-13 04:24:05,LIKE,https://www.linkedin.com/feed/update/urn%3Ali%3Aactivity%3A6688218529331851265
2020-07-12 17:56:37,LIKE,https://www.linkedin.com/feed/update/urn%3Ali%3AugcPost%3A6688136224516919296
2020-07-12 17:56:28,LIKE,https://www.linkedin.com/feed/update/urn%3Ali%3Aactivity%3A6688046654202896384
2020-07-12 17:55:14,LIKE,https://www.linkedin.com/feed/update/urn%3Ali%3AugcPost%3A6688090537850920960
2020-07-12 17:52:54,LIKE,https://www.linkedin.com/feed/update/urn%3Ali%3AugcPost%3A6688103002441596928
2020-07-12 17:52:32,LIKE,https://www.linkedin.com/feed/update/urn%3Ali%3Aactivity%3A6688089682623963136
2020-07-12 17:52:03,LIKE,https://www.linkedin.com/feed/update/urn%3Ali%3AugcPost%3A6688126440283668480
2020-07-12 16:11:15,LIKE,https://www.linkedin.com/feed/update/urn%3Ali%3Aactivity%3A6687701476690731008
2020-07-12 11:34:30,LIKE,https://www.linkedin.com/feed/update/urn%3Ali%3Aactivity%3A6686518109391597569
2020-07-12 11:34:05,LIKE,https://www.linkedin.com/feed/update/urn%3Ali%3AugcPost%3A6687696399934533632
2020-07-12 11:31:50,LIKE,https://www.linkedin.com/feed/update/urn%3Ali%3AgroupPost%3A12424409-6688008022633054208
2020-07-12 11:31:06,LIKE,https://www.linkedin.com/feed/update/urn%3Ali%3Aactivity%3A6686462662441791488
2020-07-12 11:29:58,LIKE,https://www.linkedin.com/feed/update/urn%3Ali%3AugcPost%3A6688003325603975168
2020-07-12 11:29:41,LIKE,https://www.linkedin.com/feed/update/urn%3Ali%3AugcPost%3A6687764298749628416
2020-07-12 11:29:30,LIKE,https://www.linkedin.com/feed/update/urn%3Ali%3AugcPost%3A6688033017040031744
2020-07-12 11:27:33,LIKE,https://www.linkedin.com/feed/update/urn%3Ali%3Aactivity%3A6687943668877402112
2020-07-12 11:20:48,LIKE,https://www.linkedin.com/feed/update/urn%3Ali%3Aactivity%3A6682990465731624960
2020-07-12 11:16:01,LIKE,https://www.linkedin.com/feed/update/urn%3Ali%3AugcPost%3A6687711496492904448
2020-07-12 11:02:22,LIKE,https://www.linkedin.com/feed/update/urn%3Ali%3AugcPost%3A6688023814825140224
2020-07-12 11:02:08,LIKE,https://www.linkedin.com/feed/update/urn%3Ali%3Aactivity%3A6688031495375880192
2020-07-12 11:01:49,LIKE,https://www.linkedin.com/feed/update/urn%3Ali%3AugcPost%3A6687686681258201088
2020-07-12 11:01:09,LIKE,https://www.linkedin.com/feed/update/urn%3Ali%3Aactivity%3A6687768943454760961
2020-07-12 10:59:20,LIKE,https://www.linkedin.com/feed/update/urn%3Ali%3AugcPost%3A6687988567802748929
2020-07-12 10:59:08,LIKE,https://www.linkedin.com/feed/update/urn%3Ali%3AugcPost%3A6688029584794902528
2020-07-12 09:06:40,LIKE,https://www.linkedin.com/feed/update/urn%3Ali%3Aactivity%3A6688005587172687872
2020-07-11 11:33:34,LIKE,https://www.linkedin.com/feed/update/urn%3Ali%3Aactivity%3A6687573942720360448
2020-07-11 11:28:01,LIKE,https://www.linkedin.com/feed/update/urn%3Ali%3AugcPost%3A6687633854687191040
2020-07-11 11:26:57,LIKE,https://www.linkedin.com/feed/update/urn%3Ali%3AugcPost%3A6687622481743814656
2020-07-11 11:26:46,LIKE,https://www.linkedin.com/feed/update/urn%3Ali%3Aactivity%3A6687659013565423616
2020-07-11 07:41:24,LIKE,https://www.linkedin.com/feed/update/urn%3Ali%3AugcPost%3A6687609744263303168
2020-07-11 07:39:02,LIKE,https://www.linkedin.com/feed/update/urn%3Ali%3AugcPost%3A6687596189417795584
2020-07-11 07:36:58,LIKE,https://www.linkedin.com/feed/update/urn%3Ali%3AugcPost%3A6687567819841777664
2020-07-11 07:36:43,LIKE,https://www.linkedin.com/feed/update/urn%3Ali%3AugcPost%3A6687564077339865088
2020-07-11 07:36:02,LIKE,https://www.linkedin.com/feed/update/urn%3Ali%3Aactivity%3A6687579320275357696
2020-07-11 07:35:29,LIKE,https://www.linkedin.com/feed/update/urn%3Ali%3Aactivity%3A6687592395434987520
2020-07-10 12:57:09,LIKE,https://www.linkedin.com/feed/update/urn%3Ali%3Aactivity%3A6687240320582782976
2020-07-10 12:56:02,LIKE,https://www.linkedin.com/feed/update/urn%3Ali%3AugcPost%3A6687321428821458944
2020-07-10 07:40:30,LIKE,https://www.linkedin.com/feed/update/urn%3Ali%3Aactivity%3A6687255879831691264
2020-07-10 07:38:53,LIKE,https://www.linkedin.com/feed/update/urn%3Ali%3Aactivity%3A6687253792527921152
2020-07-10 07:35:57,LIKE,https://www.linkedin.com/feed/update/urn%3Ali%3Aactivity%3A6687225302252429312
2020-07-10 07:35:43,LIKE,https://www.linkedin.com/feed/update/urn%3Ali%3Aactivity%3A6687241674722197504
2020-07-10 04:49:07,LIKE,https://www.linkedin.com/feed/update/urn%3Ali%3AugcPost%3A6687114312370139136
2020-07-09 17:17:19,LIKE,https://www.linkedin.com/feed/update/urn%3Ali%3Aactivity%3A6686586910434988034
2020-07-09 17:17:04,LIKE,https://www.linkedin.com/feed/update/urn%3Ali%3Aactivity%3A6682279695125417984
2020-07-09 17:16:57,LIKE,https://www.linkedin.com/feed/update/urn%3Ali%3Aactivity%3A6687004768587587584
2020-07-09 16:56:29,LIKE,https://www.linkedin.com/feed/update/urn%3Ali%3AugcPost%3A6684944740653264896
2020-07-09 16:56:26,LIKE,https://www.linkedin.com/feed/update/urn%3Ali%3AugcPost%3A6685475901590831104
2020-07-09 14:04:43,LIKE,https://www.linkedin.com/feed/update/urn%3Ali%3Aactivity%3A6686938679270891520
2020-07-09 08:35:02,LIKE,https://www.linkedin.com/feed/update/urn%3Ali%3Aactivity%3A6685098401983467520
2020-07-09 08:33:23,LIKE,https://www.linkedin.com/feed/update/urn%3Ali%3Aactivity%3A6686868646712659968
2020-07-09 08:32:05,LIKE,https://www.linkedin.com/feed/update/urn%3Ali%3Aactivity%3A6686880850031849472
2020-07-09 08:31:49,LIKE,https://www.linkedin.com/feed/update/urn%3Ali%3Aactivity%3A6686857306086359041
2020-07-09 08:31:29,LIKE,https://www.linkedin.com/feed/update/urn%3Ali%3Aactivity%3A6684760186176987136
2020-07-08 17:03:45,LIKE,https://www.linkedin.com/feed/update/urn%3Ali%3Aactivity%3A6686584723562610688
2020-07-08 14:48:36,LIKE,https://www.linkedin.com/feed/update/urn%3Ali%3AugcPost%3A6686625864823783424
2020-07-08 06:31:43,LIKE,https://www.linkedin.com/feed/update/urn%3Ali%3Aactivity%3A6685743774875959297
2020-07-08 06:29:42,LIKE,https://www.linkedin.com/feed/update/urn%3Ali%3AugcPost%3A6686501457253994496
2020-07-07 17:33:08,LIKE,https://www.linkedin.com/feed/update/urn%3Ali%3AugcPost%3A6686007641732345856
2020-07-07 17:17:15,LIKE,https://www.linkedin.com/feed/update/urn%3Ali%3Aactivity%3A6686217077549764609
2020-07-07 17:16:07,LIKE,https://www.linkedin.com/feed/update/urn%3Ali%3AugcPost%3A6686214153113227264
2020-07-07 17:15:57,LIKE,https://www.linkedin.com/feed/update/urn%3Ali%3AugcPost%3A6686195743700656129
2020-07-06 13:25:54,LIKE,https://www.linkedin.com/feed/update/urn%3Ali%3Aactivity%3A6685804198581346304
2020-07-06 13:23:19,LIKE,https://www.linkedin.com/feed/update/urn%3Ali%3Aactivity%3A6685786618986680320
2020-07-06 13:22:54,LIKE,https://www.linkedin.com/feed/update/urn%3Ali%3Aactivity%3A6685778049801224192
2020-07-05 16:40:45,LIKE,https://www.linkedin.com/feed/update/urn%3Ali%3Aactivity%3A6685228206976491520
2020-07-04 13:57:57,LIKE,https://www.linkedin.com/feed/update/urn%3Ali%3AugcPost%3A6684528049788071936
2020-07-04 13:38:43,LIKE,https://www.linkedin.com/feed/update/urn%3Ali%3AugcPost%3A6685136081760899072
2020-07-04 13:35:11,LIKE,https://www.linkedin.com/feed/update/urn%3Ali%3AugcPost%3A6685132277690703872
2020-07-04 08:00:38,LIKE,https://www.linkedin.com/feed/update/urn%3Ali%3Aactivity%3A6684403200050782208
2020-07-04 07:59:01,LIKE,https://www.linkedin.com/feed/update/urn%3Ali%3Aactivity%3A6684923071272374272
2020-07-04 07:58:21,LIKE,https://www.linkedin.com/feed/update/urn%3Ali%3Aactivity%3A6685081477387972609
2020-07-04 07:57:31,LIKE,https://www.linkedin.com/feed/update/urn%3Ali%3Aactivity%3A6685075847868747776
2020-07-04 07:56:27,LIKE,https://www.linkedin.com/feed/update/urn%3Ali%3Aactivity%3A6685079099460861952
2020-07-03 17:42:45,LIKE,https://www.linkedin.com/feed/update/urn%3Ali%3AugcPost%3A6684348447920861184
2020-07-03 17:41:38,LIKE,https://www.linkedin.com/feed/update/urn%3Ali%3Aactivity%3A6684662730588250112
2020-07-03 17:40:17,LIKE,https://www.linkedin.com/feed/update/urn%3Ali%3Aactivity%3A6684684103733825536
2020-07-03 14:29:31,LIKE,https://www.linkedin.com/feed/update/urn%3Ali%3Aactivity%3A6680476868275240960
2020-07-03 14:29:16,LIKE,https://www.linkedin.com/feed/update/urn%3Ali%3Aactivity%3A6684803069663948800
2020-07-03 14:15:01,LIKE,https://www.linkedin.com/feed/update/urn%3Ali%3AugcPost%3A6684761101391020032
2020-07-03 07:00:24,LIKE,https://www.linkedin.com/feed/update/urn%3Ali%3AugcPost%3A6684514222581329920
2020-07-02 15:52:07,LIKE,https://www.linkedin.com/feed/update/urn%3Ali%3AugcPost%3A6684446993416278016
2020-07-02 15:48:49,LIKE,https://www.linkedin.com/feed/update/urn%3Ali%3AgroupPost%3A12424409-6684179524063678464
2020-07-01 16:54:17,LIKE,https://www.linkedin.com/feed/update/urn%3Ali%3Aactivity%3A6683917362103664640
2020-07-01 16:52:09,LIKE,https://www.linkedin.com/feed/update/urn%3Ali%3AugcPost%3A6680340900872282112
2020-07-01 16:50:19,LIKE,https://www.linkedin.com/feed/update/urn%3Ali%3AugcPost%3A6684064460178558976
2020-07-01 16:39:53,LIKE,https://www.linkedin.com/feed/update/urn%3Ali%3AugcPost%3A6683673967296876544
2020-07-01 16:37:18,LIKE,https://www.linkedin.com/feed/update/urn%3Ali%3AugcPost%3A6683764166228094976
2020-06-29 13:52:02,LIKE,https://www.linkedin.com/feed/update/urn%3Ali%3AugcPost%3A6679016275127140352
2020-06-29 13:49:40,LIKE,https://www.linkedin.com/feed/update/urn%3Ali%3Aactivity%3A6682949394737766400
2020-06-29 13:48:46,LIKE,https://www.linkedin.com/feed/update/urn%3Ali%3Aactivity%3A6683019582485217280
2020-06-29 13:48:06,LIKE,https://www.linkedin.com/feed/update/urn%3Ali%3Aactivity%3A6683326213496348672
2020-06-29 13:47:18,LIKE,https://www.linkedin.com/feed/update/urn%3Ali%3AugcPost%3A6683303616926814209
2020-06-29 13:46:05,LIKE,https://www.linkedin.com/feed/update/urn%3Ali%3Aactivity%3A6682928194288447488
2020-06-29 13:34:42,LIKE,https://www.linkedin.com/feed/update/urn%3Ali%3Aactivity%3A6683300970992082944
2020-06-29 07:06:22,LIKE,https://www.linkedin.com/feed/update/urn%3Ali%3AugcPost%3A6683246066445406208
2020-06-29 07:05:33,LIKE,https://www.linkedin.com/feed/update/urn%3Ali%3Aactivity%3A6683263297107636224
2020-06-29 06:51:31,LIKE,https://www.linkedin.com/feed/update/urn%3Ali%3AgroupPost%3A13873498-6683260499062263808
2020-06-28 06:12:16,LIKE,https://www.linkedin.com/feed/update/urn%3Ali%3AugcPost%3A6682571498567417856
2020-06-28 06:11:43,LIKE,https://www.linkedin.com/feed/update/urn%3Ali%3Aactivity%3A6679669330994716673
2020-06-28 05:57:48,LIKE,https://www.linkedin.com/feed/update/urn%3Ali%3AugcPost%3A6682655202216067072
2020-06-28 05:57:18,LIKE,https://www.linkedin.com/feed/update/urn%3Ali%3Aactivity%3A6682876230984982528
2020-06-28 05:56:23,LIKE,https://www.linkedin.com/feed/update/urn%3Ali%3AugcPost%3A6682711957121986560
2020-06-27 13:21:00,LIKE,https://www.linkedin.com/feed/update/urn%3Ali%3AgroupPost%3A12424409-6679654991797600256
2020-06-27 13:20:54,LIKE,https://www.linkedin.com/feed/update/urn%3Ali%3AgroupPost%3A12424409-6679654554826633216
2020-06-27 13:09:38,LIKE,https://www.linkedin.com/feed/update/urn%3Ali%3AugcPost%3A6682600815670173696
2020-06-27 05:00:31,LIKE,https://www.linkedin.com/feed/update/urn%3Ali%3Aactivity%3A6681902917886337024
2020-06-27 05:00:09,LIKE,https://www.linkedin.com/feed/update/urn%3Ali%3Aactivity%3A6682506779194093568
2020-06-27 04:57:27,LIKE,https://www.linkedin.com/feed/update/urn%3Ali%3AugcPost%3A6682252958807207936
2020-06-27 04:57:21,LIKE,https://www.linkedin.com/feed/update/urn%3Ali%3AugcPost%3A6682270592793640960
2020-06-27 04:55:53,LIKE,https://www.linkedin.com/feed/update/urn%3Ali%3Aactivity%3A6682281585087152128
2020-06-27 04:45:13,LIKE,https://www.linkedin.com/feed/update/urn%3Ali%3AugcPost%3A6678559683604684801
2020-06-27 04:44:28,LIKE,https://www.linkedin.com/feed/update/urn%3Ali%3AugcPost%3A6682292214187520000
2020-06-27 04:39:46,LIKE,https://www.linkedin.com/feed/update/urn%3Ali%3Aactivity%3A6682321746923663360
2020-06-27 04:38:54,LIKE,https://www.linkedin.com/feed/update/urn%3Ali%3Aactivity%3A6682357567072600065
2020-06-25 16:03:42,LIKE,https://www.linkedin.com/feed/update/urn%3Ali%3AugcPost%3A6681557748536102913
2020-06-25 16:01:26,LIKE,https://www.linkedin.com/feed/update/urn%3Ali%3Aactivity%3A6681797884557561856
2020-06-25 16:00:56,LIKE,https://www.linkedin.com/feed/update/urn%3Ali%3AugcPost%3A6681812780909121536
2020-06-24 07:16:13,LIKE,https://www.linkedin.com/feed/update/urn%3Ali%3Aactivity%3A6681260517572661249
2020-06-23 19:41:01,PRAISE,https://www.linkedin.com/feed/update/urn%3Ali%3Aactivity%3A6681278444178862080
2020-06-23 19:39:14,PRAISE,https://www.linkedin.com/feed/update/urn%3Ali%3Aactivity%3A6681278053794033664
2020-06-23 17:10:07,LIKE,https://www.linkedin.com/feed/update/urn%3Ali%3AugcPost%3A6678969439330844672
2020-06-23 17:09:42,LIKE,https://www.linkedin.com/feed/update/urn%3Ali%3AgroupPost%3A13873498-6681241766861049856
2020-06-23 15:57:40,LIKE,https://www.linkedin.com/feed/update/urn%3Ali%3Aactivity%3A6681161178187628544
2020-06-23 08:48:21,LIKE,https://www.linkedin.com/feed/update/urn%3Ali%3Aactivity%3A6681111331426377728
2020-06-23 05:32:46,LIKE,https://www.linkedin.com/feed/update/urn%3Ali%3AugcPost%3A6680447004365197312
2020-06-22 05:31:15,LIKE,https://www.linkedin.com/feed/update/urn%3Ali%3Aactivity%3A6677981398764273664
2020-06-22 05:31:10,LIKE,https://www.linkedin.com/feed/update/urn%3Ali%3AugcPost%3A6680683254317678592
2020-06-22 05:30:42,LIKE,https://www.linkedin.com/feed/update/urn%3Ali%3Aactivity%3A6680691582221529089
2020-06-22 05:29:42,LIKE,https://www.linkedin.com/feed/update/urn%3Ali%3Aactivity%3A6680513755136233472
2020-06-21 18:10:40,LIKE,https://www.linkedin.com/feed/update/urn%3Ali%3AugcPost%3A6680346216657686528
2020-06-21 03:27:42,LIKE,https://www.linkedin.com/feed/update/urn%3Ali%3AugcPost%3A6680201968146808833
2020-06-20 17:03:52,LIKE,https://www.linkedin.com/feed/update/urn%3Ali%3AugcPost%3A6679697165419364352
2020-06-20 17:03:21,LIKE,https://www.linkedin.com/feed/update/urn%3Ali%3Aactivity%3A6680067935324663808
2020-06-20 17:03:16,LIKE,https://www.linkedin.com/feed/update/urn%3Ali%3AugcPost%3A6680031024308662272
2020-06-20 17:03:06,LIKE,https://www.linkedin.com/feed/update/urn%3Ali%3Aactivity%3A6680073460842164224
2020-06-19 08:05:07,LIKE,https://www.linkedin.com/feed/update/urn%3Ali%3AugcPost%3A6679328740100706304
2020-06-18 04:21:44,LIKE,https://www.linkedin.com/feed/update/urn%3Ali%3Aactivity%3A6679075949977370624
2020-06-17 13:11:04,LIKE,https://www.linkedin.com/feed/update/urn%3Ali%3AugcPost%3A6678987010935463936
2020-06-17 03:47:31,LIKE,https://www.linkedin.com/feed/update/urn%3Ali%3Aactivity%3A6676694475731021824
2020-06-17 03:45:10,LIKE,https://www.linkedin.com/feed/update/urn%3Ali%3Aactivity%3A6675737496812441600
2020-06-17 03:44:44,LIKE,https://www.linkedin.com/feed/update/urn%3Ali%3AugcPost%3A6678727306594406400
2020-06-17 03:44:42,LIKE,https://www.linkedin.com/feed/update/urn%3Ali%3Aactivity%3A6678767188742168576
2020-06-16 16:37:53,LIKE,https://www.linkedin.com/feed/update/urn%3Ali%3AugcPost%3A6678608123462201344
2020-06-16 16:37:48,LIKE,https://www.linkedin.com/feed/update/urn%3Ali%3Aactivity%3A6678617355742015488
2020-06-16 05:34:10,LIKE,https://www.linkedin.com/feed/update/urn%3Ali%3Aactivity%3A6677792554236424192
2020-06-16 05:33:06,LIKE,https://www.linkedin.com/feed/update/urn%3Ali%3Aactivity%3A6678214465336471552
2020-06-14 00:59:48,LIKE,https://www.linkedin.com/feed/update/urn%3Ali%3Aactivity%3A6677129368399155200
2020-06-14 00:57:52,LIKE,https://www.linkedin.com/feed/update/urn%3Ali%3Aactivity%3A6677239959063285760
2020-06-12 03:58:05,LIKE,https://www.linkedin.com/feed/update/urn%3Ali%3AgroupPost%3A12424409-6676839083827875840
2020-06-12 03:55:18,LIKE,https://www.linkedin.com/feed/update/urn%3Ali%3Aactivity%3A6672821751912779776
2020-06-12 03:48:37,LIKE,https://www.linkedin.com/feed/update/urn%3Ali%3Aactivity%3A6676723869442801664
2020-06-12 03:47:47,LIKE,https://www.linkedin.com/feed/update/urn%3Ali%3Aactivity%3A6671465314829647872
2020-06-12 03:46:41,LIKE,https://www.linkedin.com/feed/update/urn%3Ali%3Aactivity%3A6676915172193525760
2020-06-12 03:46:39,LIKE,https://www.linkedin.com/feed/update/urn%3Ali%3Aactivity%3A6676915172193525760?commentUrn=urn%3Ali%3Acomment%3A%28activity%3A6676915172193525760%2C6677053442252517376%29
2020-06-10 12:35:45,LIKE,https://www.linkedin.com/feed/update/urn%3Ali%3Aactivity%3A6675357259142430720
2020-06-10 12:35:05,LIKE,https://www.linkedin.com/feed/update/urn%3Ali%3Aactivity%3A6676347890316783616
2020-06-10 12:34:54,LIKE,https://www.linkedin.com/feed/update/urn%3Ali%3Aactivity%3A6676444708971118592
2020-06-09 15:26:21,LIKE,https://www.linkedin.com/feed/update/urn%3Ali%3AugcPost%3A6676026507011403776
2020-06-09 15:26:09,LIKE,https://www.linkedin.com/feed/update/urn%3Ali%3Aactivity%3A6672795286701789184
2020-06-09 15:25:46,LIKE,https://www.linkedin.com/feed/update/urn%3Ali%3Aactivity%3A6675776808786493440
2020-06-09 15:25:40,LIKE,https://www.linkedin.com/feed/update/urn%3Ali%3Aactivity%3A6676057777640665088
2020-06-09 15:25:05,LIKE,https://www.linkedin.com/feed/update/urn%3Ali%3AugcPost%3A6676084711330336768
2020-06-09 15:21:05,LIKE,https://www.linkedin.com/feed/update/urn%3Ali%3Aactivity%3A6676078470763753472
2020-06-08 14:39:46,LIKE,https://www.linkedin.com/feed/update/urn%3Ali%3AugcPost%3A6675595365447716864
2020-06-08 06:00:05,LIKE,https://www.linkedin.com/feed/update/urn%3Ali%3AugcPost%3A6675275624489345024
2020-06-08 05:06:10,LIKE,https://www.linkedin.com/feed/update/urn%3Ali%3Aactivity%3A6675468196881035264
2020-06-08 05:06:03,LIKE,https://www.linkedin.com/feed/update/urn%3Ali%3Aactivity%3A6675429093799993344
2020-06-07 11:29:07,LIKE,https://www.linkedin.com/feed/update/urn%3Ali%3Aactivity%3A6675357252825833472
2020-06-07 11:27:32,LIKE,https://www.linkedin.com/feed/update/urn%3Ali%3AugcPost%3A6675288959389700096
2020-06-07 11:27:27,LIKE,https://www.linkedin.com/feed/update/urn%3Ali%3Aactivity%3A6675118551600308224
2020-06-06 15:56:22,LIKE,https://www.linkedin.com/feed/update/urn%3Ali%3Aactivity%3A6675004905809420288
2020-06-06 15:56:16,LIKE,https://www.linkedin.com/feed/update/urn%3Ali%3AugcPost%3A6674985558130913280
2020-06-06 15:55:34,LIKE,https://www.linkedin.com/feed/update/urn%3Ali%3Aactivity%3A6674998741021323264
2020-06-05 05:39:12,LIKE,https://www.linkedin.com/feed/update/urn%3Ali%3AugcPost%3A6674369824585580544
2020-06-05 05:38:48,LIKE,https://www.linkedin.com/feed/update/urn%3Ali%3Aactivity%3A6674512810535473152
2020-06-05 05:37:46,LIKE,https://www.linkedin.com/feed/update/urn%3Ali%3Aactivity%3A6674367543475609600
2020-06-04 15:43:58,LIKE,https://www.linkedin.com/feed/update/urn%3Ali%3Aactivity%3A6674289770052558848
2020-06-04 15:42:07,LIKE,https://www.linkedin.com/feed/update/urn%3Ali%3Aactivity%3A6674324848594042880
2020-06-04 12:08:31,LIKE,https://www.linkedin.com/feed/update/urn%3Ali%3AugcPost%3A6674251273866506241
2020-06-04 12:07:33,LIKE,https://www.linkedin.com/feed/update/urn%3Ali%3Aactivity%3A6674267873034285057
2020-06-04 12:06:51,LIKE,https://www.linkedin.com/feed/update/urn%3Ali%3AugcPost%3A6674236315401371648
2020-06-04 12:06:38,LIKE,https://www.linkedin.com/feed/update/urn%3Ali%3AugcPost%3A6674255897704976384
2020-06-03 12:51:03,LIKE,https://www.linkedin.com/feed/update/urn%3Ali%3Aactivity%3A6670958094643802112
2020-06-03 12:50:56,LIKE,https://www.linkedin.com/feed/update/urn%3Ali%3Aactivity%3A6673888763804053504
2020-06-03 12:49:59,LIKE,https://www.linkedin.com/feed/update/urn%3Ali%3Aactivity%3A6673879117118750720
2020-06-03 12:49:40,LIKE,https://www.linkedin.com/feed/update/urn%3Ali%3Aactivity%3A6673886948198801408
2020-06-03 07:48:14,LIKE,https://www.linkedin.com/feed/update/urn%3Ali%3Aactivity%3A6673821947379494912
2020-06-03 05:07:29,LIKE,https://www.linkedin.com/feed/update/urn%3Ali%3Aactivity%3A6672374870602584064
2020-06-03 05:00:31,LIKE,https://www.linkedin.com/feed/update/urn%3Ali%3Aactivity%3A6673661203535011840
2020-06-03 05:00:27,LIKE,https://www.linkedin.com/feed/update/urn%3Ali%3AugcPost%3A6673796607160537088
2020-06-03 04:57:51,LIKE,https://www.linkedin.com/feed/update/urn%3Ali%3Aactivity%3A6673565514310262784
2020-06-02 17:07:00,LIKE,https://www.linkedin.com/feed/update/urn%3Ali%3AugcPost%3A6673447029362049024
2020-06-02 13:35:19,LIKE,https://www.linkedin.com/feed/update/urn%3Ali%3Aactivity%3A6673527463915745281
2020-06-02 07:32:50,LIKE,https://www.linkedin.com/feed/update/urn%3Ali%3Aactivity%3A6673263341105946624
2020-06-01 12:21:39,LIKE,https://www.linkedin.com/feed/update/urn%3Ali%3Aactivity%3A6673105854553837568
2020-06-01 12:20:19,LIKE,https://www.linkedin.com/feed/update/urn%3Ali%3Aactivity%3A6673133814258114560
2020-06-01 12:19:22,LIKE,https://www.linkedin.com/feed/update/urn%3Ali%3Aactivity%3A6673176572498866176
2020-06-01 12:18:57,LIKE,https://www.linkedin.com/feed/update/urn%3Ali%3Aactivity%3A6673157921242791936
2020-06-01 06:05:01,LIKE,https://www.linkedin.com/feed/update/urn%3Ali%3Aactivity%3A6673094809793785856
2020-06-01 06:02:42,LIKE,https://www.linkedin.com/feed/update/urn%3Ali%3Aactivity%3A6673062389283471360
2020-06-01 06:02:14,LIKE,https://www.linkedin.com/feed/update/urn%3Ali%3Aactivity%3A6672958802628796416
2020-05-31 16:14:41,LIKE,https://www.linkedin.com/feed/update/urn%3Ali%3Aactivity%3A6672848199562211328
2020-05-31 07:03:38,LIKE,https://www.linkedin.com/feed/update/urn%3Ali%3Aactivity%3A6672743682728448000
2020-05-30 11:11:17,LIKE,https://www.linkedin.com/feed/update/urn%3Ali%3Aactivity%3A6672410229151555584
2020-05-30 09:29:48,LIKE,https://www.linkedin.com/feed/update/urn%3Ali%3Aactivity%3A6672327987733630976
2020-05-30 09:29:26,LIKE,https://www.linkedin.com/feed/update/urn%3Ali%3Aactivity%3A6668385316484849664
2020-05-30 09:27:14,LIKE,https://www.linkedin.com/feed/update/urn%3Ali%3AugcPost%3A6672400087345459200
2020-05-30 09:26:30,LIKE,https://www.linkedin.com/feed/update/urn%3Ali%3AugcPost%3A6672400482222383104
2020-05-30 09:24:34,LIKE,https://www.linkedin.com/feed/update/urn%3Ali%3AugcPost%3A6672231156076941312
2020-05-30 09:19:06,LIKE,https://www.linkedin.com/feed/update/urn%3Ali%3AugcPost%3A6672228213768515584
2020-05-29 18:12:00,INTEREST,https://www.linkedin.com/feed/update/urn%3Ali%3Aactivity%3A6672106401168539648
2020-05-29 14:38:44,LIKE,https://www.linkedin.com/feed/update/urn%3Ali%3Aactivity%3A6672137190748823552
2020-05-29 13:16:53,LIKE,https://www.linkedin.com/feed/update/urn%3Ali%3AugcPost%3A6672074589562109952
2020-05-29 08:45:28,LIKE,https://www.linkedin.com/feed/update/urn%3Ali%3Aactivity%3A6668501623712612353
2020-05-29 08:43:54,LIKE,https://www.linkedin.com/feed/update/urn%3Ali%3Aactivity%3A6671877841111666688
2020-05-29 08:43:46,LIKE,https://www.linkedin.com/feed/update/urn%3Ali%3Aactivity%3A6672047714169159680
2020-05-29 08:41:39,LIKE,https://www.linkedin.com/feed/update/urn%3Ali%3Aactivity%3A6671824661707407360?commentUrn=urn%3Ali%3Acomment%3A%28activity%3A6671824661707407360%2C6672054252845850624%29
2020-05-29 08:41:37,LIKE,https://www.linkedin.com/feed/update/urn%3Ali%3Aactivity%3A6671824661707407360
2020-05-28 11:32:06,LIKE,https://www.linkedin.com/feed/update/urn%3Ali%3Aactivity%3A6671705135137247232
2020-05-28 05:14:43,LIKE,https://www.linkedin.com/feed/update/urn%3Ali%3Aactivity%3A6669329683470958592
2020-05-28 05:14:26,LIKE,https://www.linkedin.com/feed/update/urn%3Ali%3Aactivity%3A6671440755103547392
2020-05-28 05:13:22,LIKE,https://www.linkedin.com/feed/update/urn%3Ali%3Aactivity%3A6671464675621924864
2020-05-28 05:11:52,LIKE,https://www.linkedin.com/feed/update/urn%3Ali%3Aactivity%3A6671630008043364352
2020-05-28 05:11:11,LIKE,https://www.linkedin.com/feed/update/urn%3Ali%3Aactivity%3A6671581992628445184
2020-05-28 05:10:58,LIKE,https://www.linkedin.com/feed/update/urn%3Ali%3Aactivity%3A6671461157733318656
2020-05-28 05:07:52,LIKE,https://www.linkedin.com/feed/update/urn%3Ali%3Aactivity%3A6671477232621506560
2020-05-27 16:06:15,LIKE,https://www.linkedin.com/feed/update/urn%3Ali%3AugcPost%3A6671368769786515456
2020-05-27 16:04:56,LIKE,https://www.linkedin.com/feed/update/urn%3Ali%3Aactivity%3A6666779119960907776
2020-05-27 16:04:49,LIKE,https://www.linkedin.com/feed/update/urn%3Ali%3Aactivity%3A6671277824122474496
2020-05-27 16:03:23,LIKE,https://www.linkedin.com/feed/update/urn%3Ali%3Aactivity%3A6671295526471774208
2020-05-27 13:06:48,LIKE,https://www.linkedin.com/feed/update/urn%3Ali%3Aactivity%3A6671363915995320320
2020-05-27 05:20:21,LIKE,https://www.linkedin.com/feed/update/urn%3Ali%3Aactivity%3A6671100638631485440
2020-05-27 05:12:31,LIKE,https://www.linkedin.com/feed/update/urn%3Ali%3Aactivity%3A6671180786357608448
2020-05-27 05:11:08,LIKE,https://www.linkedin.com/feed/update/urn%3Ali%3Aactivity%3A6671262169994268672
2020-05-27 03:47:50,LIKE,https://www.linkedin.com/feed/update/urn%3Ali%3Aactivity%3A6668595696372981760
2020-05-27 03:47:14,LIKE,https://www.linkedin.com/feed/update/urn%3Ali%3AugcPost%3A6671163181357944832
2020-05-26 20:24:51,LIKE,https://www.linkedin.com/feed/update/urn%3Ali%3Aactivity%3A6671048742197702656
2020-05-26 20:22:20,LIKE,https://www.linkedin.com/feed/update/urn%3Ali%3Aactivity%3A6670998795741892608
2020-05-26 20:21:20,LIKE,https://www.linkedin.com/feed/update/urn%3Ali%3AugcPost%3A6671022210972577792
2020-05-26 16:50:26,LIKE,https://www.linkedin.com/feed/update/urn%3Ali%3Aactivity%3A6670972788989415424
2020-05-26 16:48:23,LIKE,https://www.linkedin.com/feed/update/urn%3Ali%3Aactivity%3A6670818186637774848
2020-05-26 16:44:01,LIKE,https://www.linkedin.com/feed/update/urn%3Ali%3Aactivity%3A6671003924671152128
2020-05-26 16:40:58,LIKE,https://www.linkedin.com/feed/update/urn%3Ali%3Aactivity%3A6670999959627804672
2020-05-26 16:40:30,LIKE,https://www.linkedin.com/feed/update/urn%3Ali%3Aactivity%3A6671042138639351808
2020-05-26 16:40:19,LIKE,https://www.linkedin.com/feed/update/urn%3Ali%3Aactivity%3A6670985782603464704
2020-05-26 15:07:02,LIKE,https://www.linkedin.com/feed/update/urn%3Ali%3Aactivity%3A6671030486967681024
2020-05-26 15:05:56,LIKE,https://www.linkedin.com/feed/update/urn%3Ali%3Aactivity%3A6668396916629487617?commentUrn=urn%3Ali%3Acomment%3A%28activity%3A6668396916629487617%2C6670994717343395840%29
2020-05-26 11:08:43,LIKE,https://www.linkedin.com/feed/update/urn%3Ali%3AugcPost%3A6671000153614368768
2020-05-25 16:39:31,LIKE,https://www.linkedin.com/feed/update/urn%3Ali%3AugcPost%3A6670703922317000704
2020-05-25 11:08:22,LIKE,https://www.linkedin.com/feed/update/urn%3Ali%3Aactivity%3A6669220240192258048
2020-05-25 11:08:18,LIKE,https://www.linkedin.com/feed/update/urn%3Ali%3Aarticle%3A7697272373715233666
2020-05-25 07:08:20,LIKE,https://www.linkedin.com/feed/update/urn%3Ali%3AugcPost%3A6670439156658921472
2020-05-25 04:10:01,LIKE,https://www.linkedin.com/feed/update/urn%3Ali%3Aactivity%3A6665683924284510208
2020-05-25 04:08:48,LIKE,https://www.linkedin.com/feed/update/urn%3Ali%3Aactivity%3A6666312166804639744
2020-05-24 19:30:25,LIKE,https://www.linkedin.com/feed/update/urn%3Ali%3Aactivity%3A6670166067727486976
2020-05-24 14:26:27,LIKE,https://www.linkedin.com/feed/update/urn%3Ali%3Aactivity%3A6670310835971330048
2020-05-24 09:39:41,LIKE,https://www.linkedin.com/feed/update/urn%3Ali%3Aactivity%3A6668456973933121536
2020-05-24 09:37:57,LIKE,https://www.linkedin.com/feed/update/urn%3Ali%3AugcPost%3A6670032128044085248
2020-05-24 03:17:28,LIKE,https://www.linkedin.com/feed/update/urn%3Ali%3Aactivity%3A6669896233412370432
2020-05-23 17:11:32,LIKE,https://www.linkedin.com/feed/update/urn%3Ali%3Aactivity%3A6669871193836859392
2020-05-23 16:31:26,LIKE,https://www.linkedin.com/feed/update/urn%3Ali%3Aactivity%3A6669436284714532865
2020-05-23 13:57:28,LIKE,https://www.linkedin.com/feed/update/urn%3Ali%3Aactivity%3A6669941973622906880
2020-05-23 13:57:13,LIKE,https://www.linkedin.com/feed/update/urn%3Ali%3Aactivity%3A6669878138266382336
2020-05-23 13:56:59,LIKE,https://www.linkedin.com/feed/update/urn%3Ali%3Aactivity%3A6669917467084693504
2020-05-23 08:26:08,LIKE,https://www.linkedin.com/feed/update/urn%3Ali%3Aactivity%3A6665108809666699264
2020-05-23 08:24:53,LIKE,https://www.linkedin.com/feed/update/urn%3Ali%3Aactivity%3A6669843121779699712
2020-05-23 08:24:29,LIKE,https://www.linkedin.com/feed/update/urn%3Ali%3Aactivity%3A6669848709859217408
2020-05-23 06:19:33,LIKE,https://www.linkedin.com/feed/update/urn%3Ali%3Aactivity%3A6669665291066314752
2020-05-23 06:17:09,LIKE,https://www.linkedin.com/feed/update/urn%3Ali%3Aactivity%3A6668764777201963008
2020-05-23 06:12:43,LIKE,https://www.linkedin.com/feed/update/urn%3Ali%3AugcPost%3A6669816483318763520
2020-05-22 17:58:46,LIKE,https://www.linkedin.com/feed/update/urn%3Ali%3Aactivity%3A6669633424610983936
2020-05-22 17:58:09,LIKE,https://www.linkedin.com/feed/update/urn%3Ali%3Aactivity%3A6669585411360337920
2020-05-22 14:28:37,LIKE,https://www.linkedin.com/feed/update/urn%3Ali%3Aactivity%3A6669591013675425792
2020-05-22 11:12:57,PRAISE,https://www.linkedin.com/feed/update/urn%3Ali%3Aactivity%3A6667690966482341888
2020-05-22 11:11:27,LIKE,https://www.linkedin.com/feed/update/urn%3Ali%3AugcPost%3A6669490647780728832
2020-05-22 11:09:20,LIKE,https://www.linkedin.com/feed/update/urn%3Ali%3Aactivity%3A6669522809355546624
2020-05-22 10:15:42,LIKE,https://www.linkedin.com/feed/update/urn%3Ali%3Aactivity%3A6669251329820643328
2020-05-22 10:13:56,LIKE,https://www.linkedin.com/feed/update/urn%3Ali%3AugcPost%3A6669494383114620928
2020-05-22 05:38:08,LIKE,https://www.linkedin.com/feed/update/urn%3Ali%3Aactivity%3A6664017560029270016
2020-05-22 05:38:03,LIKE,https://www.linkedin.com/feed/update/urn%3Ali%3AugcPost%3A6666975950175117313
2020-05-21 18:57:22,LIKE,https://www.linkedin.com/feed/update/urn%3Ali%3Aactivity%3A6669280708814540800
2020-05-21 15:52:29,LIKE,https://www.linkedin.com/feed/update/urn%3Ali%3AugcPost%3A6669255904682225664
2020-05-21 12:21:26,LIKE,https://www.linkedin.com/feed/update/urn%3Ali%3Aactivity%3A6668109982074060800
2020-05-21 12:20:56,LIKE,https://www.linkedin.com/feed/update/urn%3Ali%3Aactivity%3A6669156843526475776
2020-05-21 11:31:21,LIKE,https://www.linkedin.com/feed/update/urn%3Ali%3Aactivity%3A6669085117899767809
2020-05-21 04:45:32,LIKE,https://www.linkedin.com/feed/update/urn%3Ali%3Aactivity%3A6664131137427898368
2020-05-21 04:44:11,LIKE,https://www.linkedin.com/feed/update/urn%3Ali%3Aactivity%3A6669083084811575297
2020-05-21 04:41:28,LIKE,https://www.linkedin.com/feed/update/urn%3Ali%3Aactivity%3A6668927612318031872
2020-05-20 16:27:04,LIKE,https://www.linkedin.com/feed/update/urn%3Ali%3Aactivity%3A6668872904807092224
2020-05-20 10:17:35,LIKE,https://www.linkedin.com/feed/update/urn%3Ali%3Aactivity%3A6668574341669748736
2020-05-20 10:15:30,LIKE,https://www.linkedin.com/feed/update/urn%3Ali%3Aactivity%3A6668396916629487617?commentUrn=urn%3Ali%3Acomment%3A%28activity%3A6668396916629487617%2C6668805859730169857%29
2020-05-20 10:14:24,LIKE,https://www.linkedin.com/feed/update/urn%3Ali%3Aactivity%3A6668806969605935104
2020-05-20 08:09:28,LIKE,https://www.linkedin.com/feed/update/urn%3Ali%3Aactivity%3A6668778163008507904
2020-05-20 07:26:49,LIKE,https://www.linkedin.com/feed/update/urn%3Ali%3Aactivity%3A6668587259849256960
2020-05-20 05:00:42,LIKE,https://www.linkedin.com/feed/update/urn%3Ali%3Aactivity%3A6668565536772890625
2020-05-20 05:00:05,LIKE,https://www.linkedin.com/feed/update/urn%3Ali%3Aactivity%3A6668493113054560256
2020-05-20 04:59:59,LIKE,https://www.linkedin.com/feed/update/urn%3Ali%3Aactivity%3A6668491155912712193
2020-05-19 16:13:33,LIKE,https://www.linkedin.com/feed/update/urn%3Ali%3Aactivity%3A6667007457077944322
2020-05-19 16:10:28,LIKE,https://www.linkedin.com/feed/update/urn%3Ali%3Aactivity%3A6668499652893130752
2020-05-19 15:52:09,LIKE,https://www.linkedin.com/feed/update/urn%3Ali%3Aactivity%3A6668502106955247616
2020-05-19 13:20:01,LIKE,https://www.linkedin.com/feed/update/urn%3Ali%3Aactivity%3A6668485299305275392
2020-05-19 13:19:47,LIKE,https://www.linkedin.com/feed/update/urn%3Ali%3AugcPost%3A6663095753294049281
2020-05-19 12:08:53,LIKE,https://www.linkedin.com/feed/update/urn%3Ali%3AugcPost%3A6667029613497196544
2020-05-19 12:07:18,LIKE,https://www.linkedin.com/feed/update/urn%3Ali%3Aactivity%3A6668480118824030208
2020-05-19 12:06:40,LIKE,https://www.linkedin.com/feed/update/urn%3Ali%3Aactivity%3A6668468033754947584
2020-05-19 10:01:55,LIKE,https://www.linkedin.com/feed/update/urn%3Ali%3AugcPost%3A6668431113381273600
2020-05-19 10:01:19,LIKE,https://www.linkedin.com/feed/update/urn%3Ali%3Aactivity%3A6667799782100205568
2020-05-18 05:25:57,LIKE,https://www.linkedin.com/feed/update/urn%3Ali%3Aactivity%3A6667857894303776768
2020-05-17 17:38:00,LIKE,https://www.linkedin.com/feed/update/urn%3Ali%3Aactivity%3A6667785974803775488
2020-05-17 07:26:20,LIKE,https://www.linkedin.com/feed/update/urn%3Ali%3Aactivity%3A6667479481860579328
2020-05-17 07:25:32,LIKE,https://www.linkedin.com/feed/update/urn%3Ali%3Aactivity%3A6666794357686980608
2020-05-17 04:39:05,LIKE,https://www.linkedin.com/feed/update/urn%3Ali%3Aactivity%3A6667598674698366976
2020-05-16 13:55:51,LIKE,https://www.linkedin.com/feed/update/urn%3Ali%3Aactivity%3A6667376429468143616
2020-05-16 09:06:49,LIKE,https://www.linkedin.com/feed/update/urn%3Ali%3Aactivity%3A6667318244497608704
2020-05-15 17:31:54,LIKE,https://www.linkedin.com/feed/update/urn%3Ali%3AugcPost%3A6667098802727583745
2020-05-15 13:29:28,LIKE,https://www.linkedin.com/feed/update/urn%3Ali%3Aactivity%3A6666693903275712512
2020-05-14 18:08:38,LIKE,https://www.linkedin.com/feed/update/urn%3Ali%3AugcPost%3A6666538755421278208
2020-05-14 16:50:59,LIKE,https://www.linkedin.com/feed/update/urn%3Ali%3Aactivity%3A6666549067247685632
2020-05-13 14:32:12,LIKE,https://www.linkedin.com/feed/update/urn%3Ali%3AugcPost%3A6666241956642861057
2020-05-13 04:28:24,LIKE,https://www.linkedin.com/feed/update/urn%3Ali%3Aactivity%3A6666144702577852416
2020-05-11 03:47:26,LIKE,https://www.linkedin.com/feed/update/urn%3Ali%3Aactivity%3A6660009321922985984
2020-05-09 15:37:30,LIKE,https://www.linkedin.com/feed/update/urn%3Ali%3Aactivity%3A6664892594419572737
2020-05-09 11:29:10,LIKE,https://www.linkedin.com/feed/update/urn%3Ali%3Aactivity%3A6660396945527443456
2020-05-08 08:38:15,LIKE,https://www.linkedin.com/feed/update/urn%3Ali%3Aactivity%3A6664418131672473600
2020-05-08 05:13:11,LIKE,https://www.linkedin.com/feed/update/urn%3Ali%3Aactivity%3A6664379555387703296
2020-05-06 18:24:18,LIKE,https://www.linkedin.com/feed/update/urn%3Ali%3Aactivity%3A6663735834967183360
2020-05-05 10:07:31,LIKE,https://www.linkedin.com/feed/update/urn%3Ali%3Aactivity%3A6663367405777092608
2020-05-05 05:47:25,LIKE,https://www.linkedin.com/feed/update/urn%3Ali%3Aactivity%3A6663128814165516292
2020-05-04 13:29:45,LIKE,https://www.linkedin.com/feed/update/urn%3Ali%3Aactivity%3A6662680684022370304
2020-05-03 18:46:37,LIKE,https://www.linkedin.com/feed/update/urn%3Ali%3Aactivity%3A6662717195119800320
2020-05-03 12:00:01,LIKE,https://www.linkedin.com/feed/update/urn%3Ali%3Aactivity%3A6662651656695619584
2020-05-01 16:09:41,LIKE,https://www.linkedin.com/feed/update/urn%3Ali%3Aactivity%3A6661864262195118080
2020-05-01 12:48:38,LIKE,https://www.linkedin.com/feed/update/urn%3Ali%3Aactivity%3A6661660193891381248
2020-04-30 15:34:25,LIKE,https://www.linkedin.com/feed/update/urn%3Ali%3Aactivity%3A6656654985889177600
2020-04-30 12:53:42,LIKE,https://www.linkedin.com/feed/update/urn%3Ali%3Aactivity%3A6661312738796597249
2020-04-28 08:05:07,LIKE,https://www.linkedin.com/feed/update/urn%3Ali%3Aactivity%3A6655099368481361920
2020-04-28 07:59:46,LIKE,https://www.linkedin.com/feed/update/urn%3Ali%3Aactivity%3A6660570871817658368
2020-04-27 06:00:26,LIKE,https://www.linkedin.com/feed/update/urn%3Ali%3Aactivity%3A6660181009352523776
2020-04-26 04:18:04,LIKE,https://www.linkedin.com/feed/update/urn%3Ali%3Aactivity%3A6659856817998360576
2020-04-25 07:01:59,LIKE,https://www.linkedin.com/feed/update/urn%3Ali%3Aactivity%3A6659495782359580672
2020-04-24 09:41:46,LIKE,https://www.linkedin.com/feed/update/urn%3Ali%3Aactivity%3A6659331111459655680
2020-04-23 15:58:01,LIKE,https://www.linkedin.com/feed/update/urn%3Ali%3Aactivity%3A6658739388543049729
2020-04-23 13:57:10,LIKE,https://www.linkedin.com/feed/update/urn%3Ali%3Aactivity%3A6659076704142790656
2020-04-23 07:27:37,LIKE,https://www.linkedin.com/feed/update/urn%3Ali%3Aactivity%3A6658775560929492992
2020-04-22 17:08:04,LIKE,https://www.linkedin.com/feed/update/urn%3Ali%3Aactivity%3A6658693155656994818
2020-04-22 05:18:55,LIKE,https://www.linkedin.com/feed/update/urn%3Ali%3Aactivity%3A6658425986901729280
2020-04-21 04:28:52,LIKE,https://www.linkedin.com/feed/update/urn%3Ali%3Aactivity%3A6658044892238921728
2020-04-20 15:43:57,LIKE,https://www.linkedin.com/feed/update/urn%3Ali%3Aactivity%3A6647781740641386496
2020-04-20 04:45:23,LIKE,https://www.linkedin.com/feed/update/urn%3Ali%3Aactivity%3A6652353320272916480
2020-04-20 04:44:28,LIKE,https://www.linkedin.com/feed/update/urn%3Ali%3Aactivity%3A6654404676726865920
2020-04-19 19:27:37,PRAISE,https://www.linkedin.com/feed/update/urn%3Ali%3Aactivity%3A6653568108269318145
2020-04-19 19:26:39,LIKE,https://www.linkedin.com/feed/update/urn%3Ali%3Aactivity%3A6655137704566681600
2020-04-19 19:21:17,LIKE,https://www.linkedin.com/feed/update/urn%3Ali%3Aactivity%3A6654857920649531392
2020-04-19 05:56:02,LIKE,https://www.linkedin.com/feed/update/urn%3Ali%3Aactivity%3A6657300121438470144
2020-04-18 13:40:59,LIKE,https://www.linkedin.com/feed/update/urn%3Ali%3Aactivity%3A6657269459969015808
2020-04-18 13:38:51,LIKE,https://www.linkedin.com/feed/update/urn%3Ali%3Aactivity%3A6656935132118810624
2020-04-18 08:55:35,LIKE,https://www.linkedin.com/feed/update/urn%3Ali%3Aactivity%3A6657096421889671168
2020-04-17 14:35:27,LIKE,https://www.linkedin.com/feed/update/urn%3Ali%3Aactivity%3A6656767598656622592
2020-04-17 14:34:52,LIKE,https://www.linkedin.com/feed/update/urn%3Ali%3AugcPost%3A6656640365065568256
2020-04-17 05:29:12,LIKE,https://www.linkedin.com/feed/update/urn%3Ali%3Aactivity%3A6656597628874293248
2020-04-16 15:07:17,LIKE,https://www.linkedin.com/feed/update/urn%3Ali%3Aactivity%3A6656134788145078272
2020-04-16 15:06:23,LIKE,https://www.linkedin.com/feed/update/urn%3Ali%3Aactivity%3A6656515676997550080
2020-04-16 04:40:29,LIKE,https://www.linkedin.com/feed/update/urn%3Ali%3Aactivity%3A6656095181386936320
2020-04-16 04:32:20,LIKE,https://www.linkedin.com/feed/update/urn%3Ali%3Aactivity%3A6656235537264893952
2020-04-15 14:27:40,LIKE,https://www.linkedin.com/feed/update/urn%3Ali%3Aactivity%3A6655289306355204096
2020-04-15 05:32:54,LIKE,https://www.linkedin.com/feed/update/urn%3Ali%3Aactivity%3A6655773498901917696
2020-04-14 06:59:34,LIKE,https://www.linkedin.com/feed/update/urn%3Ali%3AugcPost%3A6654758355522936832
2020-04-14 06:44:38,LIKE,https://www.linkedin.com/feed/update/urn%3Ali%3Aactivity%3A6655509013503008768
2020-04-13 12:51:41,LIKE,https://www.linkedin.com/feed/update/urn%3Ali%3Aactivity%3A6651500226756603904
2020-04-11 13:30:54,PRAISE,https://www.linkedin.com/feed/update/urn%3Ali%3Aactivity%3A6654246237413445632
2020-04-07 14:45:12,LIKE,https://www.linkedin.com/feed/update/urn%3Ali%3Aactivity%3A6649338257442209792
2020-04-07 14:42:00,LIKE,https://www.linkedin.com/feed/update/urn%3Ali%3Aactivity%3A6652980301523968000
2020-04-07 14:39:09,LIKE,https://www.linkedin.com/feed/update/urn%3Ali%3Aactivity%3A6653150881061703680
2020-04-07 04:38:40,LIKE,https://www.linkedin.com/feed/update/urn%3Ali%3Aactivity%3A6650734174783270912
2020-04-06 13:55:32,LIKE,https://www.linkedin.com/feed/update/urn%3Ali%3Aactivity%3A6651916859799154688
2020-04-05 19:01:16,LIKE,https://www.linkedin.com/feed/update/urn%3Ali%3Aactivity%3A6651438096082624513
2020-04-05 10:19:21,LIKE,https://www.linkedin.com/feed/update/urn%3Ali%3Aactivity%3A6650485489461706753
2020-04-04 05:45:32,LIKE,https://www.linkedin.com/feed/update/urn%3Ali%3Aactivity%3A6650335577415745536
2020-03-31 03:05:40,LIKE,https://www.linkedin.com/feed/update/urn%3Ali%3Aactivity%3A6650233217741885440
2020-03-22 07:14:51,PRAISE,https://www.linkedin.com/feed/update/urn%3Ali%3Aactivity%3A6647383962304028672
2020-03-21 10:23:45,LIKE,https://www.linkedin.com/feed/update/urn%3Ali%3Aactivity%3A6645279309441396736
2020-03-21 10:22:37,LIKE,https://www.linkedin.com/feed/update/urn%3Ali%3Aactivity%3A6647047225069449216
2020-03-13 10:10:36,LIKE,https://www.linkedin.com/feed/update/urn%3Ali%3Aactivity%3A6640859640299126784
2020-03-08 15:43:29,LIKE,https://www.linkedin.com/feed/update/urn%3Ali%3Aactivity%3A6632615582330118144
2020-02-23 13:05:37,LIKE,https://www.linkedin.com/feed/update/urn%3Ali%3Aactivity%3A6637307365412696064
2020-01-28 14:06:42,INTEREST,https://www.linkedin.com/feed/update/urn%3Ali%3Aactivity%3A6627864806638620672
2020-01-24 16:27:46,LIKE,https://www.linkedin.com/feed/update/urn%3Ali%3Aactivity%3A6626447541900800000
2020-01-24 16:27:29,LIKE,https://www.linkedin.com/feed/update/urn%3Ali%3Aactivity%3A6626453624593707008
2020-01-18 09:28:58,LIKE,https://www.linkedin.com/feed/update/urn%3Ali%3Aactivity%3A6623921680949567488
2020-01-07 05:16:17,LIKE,https://www.linkedin.com/feed/update/urn%3Ali%3Aactivity%3A6618803777417895936
2019-12-23 15:22:08,LIKE,https://www.linkedin.com/feed/update/urn%3Ali%3Aactivity%3A6614849532452802560
2019-12-21 08:50:49,LIKE,https://www.linkedin.com/feed/update/urn%3Ali%3Aactivity%3A6609119387721003008
2019-12-19 14:38:07,LIKE,https://www.linkedin.com/feed/update/urn%3Ali%3Aactivity%3A6602609436068536320
2019-12-04 12:21:17,LIKE,https://www.linkedin.com/feed/update/urn%3Ali%3AugcPost%3A6607289053865967616
2019-12-04 12:20:20,LIKE,https://www.linkedin.com/feed/update/urn%3Ali%3Aactivity%3A6602296000252080128
2019-12-03 06:38:26,LIKE,https://www.linkedin.com/feed/update/urn%3Ali%3Aactivity%3A6607387760594612224
2019-12-02 03:29:55,LIKE,https://www.linkedin.com/feed/update/urn%3Ali%3Aactivity%3A6606900698057674752
2019-11-26 06:17:48,LIKE,https://www.linkedin.com/feed/update/urn%3Ali%3Aactivity%3A6599641126192410624
2019-11-21 16:28:28,LIKE,https://www.linkedin.com/feed/update/urn%3Ali%3Aactivity%3A6603015520453218304
2019-11-14 06:23:59,LIKE,https://www.linkedin.com/feed/update/urn%3Ali%3Aactivity%3A6600484352944107520
2019-11-07 14:04:46,LIKE,https://www.linkedin.com/feed/update/urn%3Ali%3Aactivity%3A6593500062498807808
2019-10-29 08:06:40,LIKE,https://www.linkedin.com/feed/update/urn%3Ali%3Aactivity%3A6591945475614699520
2019-10-29 08:06:37,LIKE,https://www.linkedin.com/feed/update/urn%3Ali%3Aactivity%3A6591278767610658816
2019-10-29 08:06:12,LIKE,https://www.linkedin.com/feed/update/urn%3Ali%3Aactivity%3A6594559614749069313
2019-09-08 06:31:38,LIKE,https://www.linkedin.com/feed/update/urn%3Ali%3Aactivity%3A6567675624398381056
2019-06-24 16:58:14,LIKE,https://www.linkedin.com/feed/update/urn%3Ali%3Aactivity%3A6546587125637275649
